Frequenz;Kanal A;Kanal B
(ms);(mV);(mV)

-50,07581040;0,22888880;75,94836000
-50,03485040;0,22888880;77,74895000
-49,99389040;0,22888880;74,15387000
-49,95293040;-4,30311000;66,95761000
-49,91197040;-13,35185000;66,95761000
-49,87101040;-17,88385000;68,75820000
-49,83005040;-22,41584000;66,95761000
-49,78909040;-26,93258000;65,16312000
-49,74813040;-26,93258000;63,36253000
-49,70717040;-31,46458000;63,36253000
-49,66621041;-35,99658000;59,76745000
-49,62525041;-45,04532000;57,96685000
-49,58429041;-45,04532000;57,96685000
-49,54333041;-49,57732000;56,17237000
-49,50237041;-45,04532000;57,96685000
-49,46141041;-58,62605000;52,57729000
-49,42045041;-63,15805000;52,57729000
-49,37949041;-63,15805000;48,97610000
-49,33853041;-72,20679000;50,77670000
-49,29757041;-72,20679000;47,18161000
-49,25661041;-76,73878000;45,38102000
-49,21565041;-81,25553000;47,18161000
-49,17469041;-85,78752000;41,78594000
-49,13373041;-90,31953000;41,78594000
-49,09277041;-90,31953000;39,98535000
-49,05181041;-94,83626000;38,19086000
-49,01085041;-99,36826000;36,39027000
-48,96989041;-99,36826000;30,99460000
-48,92893041;-99,36826000;30,99460000
-48,88797041;-108,41700000;32,79519000
-48,84701041;-117,48100000;34,58968000
-48,80605041;-117,48100000;30,99460000
-48,76509041;-117,48100000;25,59892000
-48,72413041;-121,99770000;22,00385000
-48,68317041;-126,52970000;23,80444000
-48,64221041;-131,04650000;23,80444000
-48,60125041;-135,57850000;22,00385000
-48,56029041;-135,57850000;20,20936000
-48,51933041;-135,57850000;16,60817000
-48,47837041;-140,11050000;14,81368000
-48,43741041;-144,62720000;14,81368000
-48,39645041;-153,69120000;11,21860000
-48,35549041;-153,69120000;11,21860000
-48,31453041;-153,69120000;9,41801200
-48,27357041;-158,20790000;5,82293100
-48,23261041;-162,73990000;7,61742000
-48,19165041;-162,73990000;7,61742000
-48,15069041;-167,27190000;2,22785100
-48,10973041;-167,27190000;0,43336280
-48,06877041;-171,78870000;-3,16171700
-48,02781042;-171,78870000;-1,36722900
-47,98685042;-180,85270000;-1,36722900
-47,94589042;-176,32070000;-6,76290100
-47,90493042;-180,85270000;-8,55739000
-47,86397042;-180,85270000;-8,55739000
-47,82301042;-185,36940000;-12,15247000
-47,78205042;-189,90140000;-12,15247000
-47,74109042;-198,95010000;-12,15247000
-47,70013042;-189,90140000;-15,75365000
-47,65917042;-194,43340000;-17,54814000
-47,61821042;-198,95010000;-19,34873000
-47,57725042;-198,95010000;-24,74441000
-47,53629042;-203,48210000;-22,94382000
-47,49533042;-203,48210000;-24,74441000
-47,45437042;-203,48210000;-26,53890000
-47,41341042;-208,01410000;-26,53890000
-47,37245042;-212,53090000;-30,13398000
-47,33149042;-212,53090000;-31,93457000
-47,29053042;-217,06290000;-28,33949000
-47,24957042;-217,06290000;-33,73516000
-47,20861042;-217,06290000;-37,33024000
-47,16765042;-221,59490000;-35,52965000
-47,12669042;-221,59490000;-40,92532000
-47,08573042;-226,11160000;-40,92532000
-47,04477042;-226,11160000;-42,72591000
-47,00381042;-226,11160000;-44,52040000
-46,96285042;-226,11160000;-46,32100000
-46,92189042;-226,11160000;-48,12158000
-46,88093042;-235,17560000;-48,12158000
-46,83997042;-235,17560000;-49,91607000
-46,79901042;-239,69240000;-51,71666000
-46,75805042;-239,69240000;-55,31175000
-46,71709042;-235,17560000;-58,90683000
-46,67613042;-244,22430000;-57,11234000
-46,63517042;-248,75630000;-55,31175000
-46,59421042;-248,75630000;-57,11234000
-46,55325042;-244,22430000;-60,70742000
-46,51229042;-244,22430000;-62,50190000
-46,47133042;-239,69240000;-60,70742000
-46,43037042;-253,27310000;-69,69817000
-46,38941043;-257,80510000;-64,30250000
-46,34845043;-253,27310000;-67,89758000
-46,30749043;-253,27310000;-73,29325000
-46,26653043;-253,27310000;-69,69817000
-46,22557043;-262,33710000;-71,49266000
-46,18461043;-262,33710000;-73,29325000
-46,14365043;-262,33710000;-71,49266000
-46,10269043;-253,27310000;-82,28400000
-46,06173043;-262,33710000;-82,28400000
-46,02077043;-271,38580000;-78,68892000
-45,97981043;-271,38580000;-78,68892000
-45,93885043;-266,85380000;-80,48952000
-45,89789043;-262,33710000;-85,87908000
-45,85693043;-266,85380000;-85,87908000
-45,81597043;-271,38580000;-85,87908000
-45,77501043;-275,90260000;-85,87908000
-45,73405043;-271,38580000;-89,48027000
-45,69309043;-271,38580000;-91,27476000
-45,65213043;-271,38580000;-93,07535000
-45,61117043;-280,43460000;-87,67968000
-45,57021043;-280,43460000;-89,48027000
-45,52925043;-280,43460000;-93,07535000
-45,48829043;-275,90260000;-98,47102000
-45,44733043;-280,43460000;-98,47102000
-45,40637043;-289,48330000;-94,86984000
-45,36541043;-280,43460000;-91,27476000
-45,32445043;-280,43460000;-98,47102000
-45,28349043;-280,43460000;-105,66120000
-45,24253043;-284,96660000;-102,06610000
-45,20157043;-289,48330000;-102,06610000
-45,16061043;-289,48330000;-102,06610000
-45,11965043;-289,48330000;-102,06610000
-45,07869043;-289,48330000;-107,46180000
-45,03773043;-298,54730000;-105,66120000
-44,99677043;-294,01530000;-107,46180000
-44,95581043;-289,48330000;-111,05690000
-44,91485043;-298,54730000;-105,66120000
-44,87389043;-298,54730000;-109,25630000
-44,83293043;-294,01530000;-112,85740000
-44,79197043;-289,48330000;-112,85740000
-44,75101043;-298,54730000;-114,65190000
-44,71005044;-307,59600000;-111,05690000
-44,66909044;-303,06400000;-109,25630000
-44,62813044;-298,54730000;-114,65190000
-44,58717044;-294,01530000;-120,04760000
-44,54621044;-298,54730000;-118,24700000
-44,50525044;-307,59600000;-112,85740000
-44,46429044;-307,59600000;-114,65190000
-44,42333044;-298,54730000;-120,04760000
-44,38237044;-298,54730000;-123,64270000
-44,34141044;-298,54730000;-123,64270000
-44,30045044;-307,59600000;-120,04760000
-44,25949044;-307,59600000;-112,85740000
-44,21853044;-298,54730000;-121,84820000
-44,17757044;-298,54730000;-127,23780000
-44,13661044;-307,59600000;-125,44330000
-44,09565044;-312,12810000;-120,04760000
-44,05469044;-307,59600000;-120,04760000
-44,01373044;-303,06400000;-129,03840000
-43,97277044;-303,06400000;-129,03840000
-43,93181044;-307,59600000;-129,03840000
-43,89085044;-316,64480000;-123,64270000
-43,84989044;-312,12810000;-121,84820000
-43,80893044;-303,06400000;-129,03840000
-43,76797044;-298,54730000;-132,63340000
-43,72701044;-312,12810000;-127,23780000
-43,68605044;-312,12810000;-125,44330000
-43,64509044;-307,59600000;-129,03840000
-43,60413044;-303,06400000;-129,03840000
-43,56317044;-303,06400000;-129,03840000
-43,52221044;-307,59600000;-129,03840000
-43,48125044;-307,59600000;-127,23780000
-43,44029044;-307,59600000;-130,83900000
-43,39933044;-303,06400000;-129,03840000
-43,35837044;-298,54730000;-129,03840000
-43,31741044;-298,54730000;-130,83900000
-43,27645044;-307,59600000;-129,03840000
-43,23549044;-303,06400000;-129,03840000
-43,19453044;-298,54730000;-130,83900000
-43,15357044;-294,01530000;-130,83900000
-43,11261044;-298,54730000;-130,83900000
-43,07165045;-298,54730000;-129,03840000
-43,03069045;-294,01530000;-129,03840000
-42,98973045;-294,01530000;-129,03840000
-42,94877045;-294,01530000;-125,44330000
-42,90781045;-289,48330000;-130,83900000
-42,86685045;-284,96660000;-130,83900000
-42,82589045;-289,48330000;-129,03840000
-42,78493045;-289,48330000;-127,23780000
-42,74397045;-280,43460000;-123,64270000
-42,70301045;-275,90260000;-129,03840000
-42,66205045;-271,38580000;-132,63340000
-42,62109045;-280,43460000;-127,23780000
-42,58013045;-271,38580000;-129,03840000
-42,53917045;-271,38580000;-123,64270000
-42,49821045;-262,33710000;-129,03840000
-42,45725045;-262,33710000;-127,23780000
-42,41629045;-262,33710000;-125,44330000
-42,37533045;-262,33710000;-120,04760000
-42,33437045;-257,80510000;-114,65190000
-42,29341045;-244,22430000;-127,23780000
-42,25245045;-244,22430000;-127,23780000
-42,21149045;-244,22430000;-123,64270000
-42,17053045;-244,22430000;-120,04760000
-42,12957045;-239,69240000;-121,84820000
-42,08861045;-230,64360000;-121,84820000
-42,04765045;-226,11160000;-125,44330000
-42,00669045;-226,11160000;-121,84820000
-41,96573045;-226,11160000;-116,45250000
-41,92477045;-217,06290000;-120,04760000
-41,88381045;-208,01410000;-121,84820000
-41,84285045;-208,01410000;-120,04760000
-41,80189045;-203,48210000;-120,04760000
-41,76093045;-208,01410000;-114,65190000
-41,71997045;-198,95010000;-112,85740000
-41,67901045;-189,90140000;-118,24700000
-41,63805045;-185,36940000;-118,24700000
-41,59709045;-189,90140000;-112,85740000
-41,55613045;-180,85270000;-112,85740000
-41,51517045;-171,78870000;-112,85740000
-41,47421045;-167,27190000;-114,65190000
-41,43325046;-167,27190000;-112,85740000
-41,39229046;-162,73990000;-111,05690000
-41,35133046;-158,20790000;-112,85740000
-41,31037046;-153,69120000;-107,46180000
-41,26941046;-149,15920000;-107,46180000
-41,22845046;-140,11050000;-109,25630000
-41,18749046;-140,11050000;-107,46180000
-41,14653046;-135,57850000;-103,86060000
-41,10557046;-131,04650000;-102,06610000
-41,06461046;-126,52970000;-105,66120000
-41,02365046;-117,48100000;-103,86060000
-40,98269046;-117,48100000;-102,06610000
-40,94173046;-108,41700000;-102,06610000
-40,90077046;-108,41700000;-100,26550000
-40,85981046;-99,36826000;-98,47102000
-40,81885046;-94,83626000;-93,07535000
-40,77789046;-90,31953000;-94,86984000
-40,73693046;-81,25553000;-98,47102000
-40,69597046;-81,25553000;-94,86984000
-40,65501046;-81,25553000;-91,27476000
-40,61405046;-72,20679000;-93,07535000
-40,57309046;-63,15805000;-93,07535000
-40,53213046;-58,62605000;-94,86984000
-40,49117046;-58,62605000;-87,67968000
-40,45021046;-58,62605000;-84,08459000
-40,40925046;-45,04532000;-85,87908000
-40,36829046;-40,51332000;-85,87908000
-40,32733046;-35,99658000;-85,87908000
-40,28637046;-35,99658000;-84,08459000
-40,24541046;-26,93258000;-80,48952000
-40,20445046;-22,41584000;-78,68892000
-40,16349046;-17,88385000;-82,28400000
-40,12253046;-17,88385000;-76,88834000
-40,08157046;-8,83510900;-75,09385000
-40,04061046;-8,83510900;-75,09385000
-39,99965046;0,22888880;-75,09385000
-39,95869046;9,27762600;-73,29325000
-39,91773046;9,27762600;-69,69817000
-39,87677046;9,27762600;-69,69817000
-39,83581046;13,80962000;-66,10309000
-39,79485047;18,32636000;-64,30250000
-39,75389047;27,37510000;-67,89758000
-39,71293047;27,37510000;-64,30250000
-39,67197047;36,42384000;-64,30250000
-39,63101047;36,42384000;-60,70742000
-39,59005047;40,94057000;-57,11234000
-39,54909047;45,47258000;-55,31175000
-39,50813047;50,00458000;-55,31175000
-39,46717047;54,52132000;-55,31175000
-39,42621047;59,05331000;-55,31175000
-39,38525047;63,58531000;-51,71666000
-39,34429047;63,58531000;-48,12158000
-39,30333047;72,63405000;-48,12158000
-39,26237047;77,16605000;-48,12158000
-39,22141047;81,68279000;-48,12158000
-39,18045047;81,68279000;-46,32100000
-39,13949047;86,21478000;-40,92532000
-39,09853047;90,74679000;-40,92532000
-39,05757047;90,74679000;-40,92532000
-39,01661047;95,26352000;-37,33024000
-38,97565047;99,79552000;-37,33024000
-38,93469047;108,84430000;-35,52965000
-38,89373047;108,84430000;-33,73516000
-38,85277047;108,84430000;-33,73516000
-38,81181047;113,37630000;-31,93457000
-38,77085047;117,90830000;-26,53890000
-38,72989047;117,90830000;-26,53890000
-38,68893047;136,00570000;-30,13398000
-38,64797047;126,95700000;-26,53890000
-38,60701047;136,00570000;-19,34873000
-38,56605047;136,00570000;-19,34873000
-38,52509047;136,00570000;-19,34873000
-38,48413047;145,06970000;-15,75365000
-38,44317047;145,06970000;-17,54814000
-38,40221047;145,06970000;-13,95306000
-38,36125047;149,58650000;-4,96230900
-38,32029047;149,58650000;-6,76290100
-38,27933047;158,65050000;-12,15247000
-38,23837047;163,16720000;-12,15247000
-38,19741047;158,65050000;-4,96230900
-38,15645048;158,65050000;-1,36722900
-38,11549048;163,16720000;-1,36722900
-38,07453048;172,23120000;-1,36722900
-38,03357048;172,23120000;-1,36722900
-37,99261048;172,23120000;2,22785100
-37,95165048;172,23120000;9,41801200
-37,91069048;181,27990000;5,82293100
-37,86973048;185,79670000;4,02233900
-37,82877048;190,32870000;11,21860000
-37,78781048;185,79670000;9,41801200
-37,74685048;190,32870000;14,81368000
-37,70589048;190,32870000;13,01309000
-37,66493048;199,37740000;14,81368000
-37,62397048;199,37740000;16,60817000
-37,58301048;194,86070000;18,40877000
-37,54205048;199,37740000;23,80444000
-37,50109048;203,90940000;23,80444000
-37,46013048;208,44140000;16,60817000
-37,41917048;208,44140000;25,59892000
-37,37821048;208,44140000;25,59892000
-37,33725048;212,95810000;29,20011000
-37,29629048;217,49010000;30,99460000
-37,25533048;217,49010000;29,20011000
-37,21437048;217,49010000;32,79519000
-37,17341048;217,49010000;38,19086000
-37,13245048;222,02210000;38,19086000
-37,09149048;226,53890000;38,19086000
-37,05053048;226,53890000;38,19086000
-37,00957048;226,53890000;41,78594000
-36,96861048;231,07090000;43,58654000
-36,92765048;231,07090000;45,38102000
-36,88669048;235,60290000;48,97610000
-36,84573048;235,60290000;48,97610000
-36,80477048;235,60290000;50,77670000
-36,76381048;240,11960000;52,57729000
-36,72285048;240,11960000;50,77670000
-36,68189048;244,65160000;52,57729000
-36,64093048;244,65160000;59,76745000
-36,59997048;244,65160000;59,76745000
-36,55901048;244,65160000;59,76745000
-36,51805049;249,18360000;59,76745000
-36,47709049;249,18360000;63,36253000
-36,43613049;253,70040000;65,16312000
-36,39517049;249,18360000;65,16312000
-36,35421049;253,70040000;66,95761000
-36,31325049;253,70040000;72,35329000
-36,27229049;253,70040000;70,55879000
-36,23133049;258,23230000;72,35329000
-36,19037049;262,76430000;70,55879000
-36,14941049;262,76430000;70,55879000
-36,10845049;262,76430000;75,94836000
-36,06749049;262,76430000;79,54955000
-36,02653049;262,76430000;75,94836000
-35,98557049;267,28110000;79,54955000
-35,94461049;267,28110000;81,34403000
-35,90365049;267,28110000;79,54955000
-35,86269049;267,28110000;81,34403000
-35,82173049;267,28110000;86,73971000
-35,78077049;271,81310000;84,94522000
-35,73981049;271,81310000;84,94522000
-35,69885049;271,81310000;88,54030000
-35,65789049;271,81310000;88,54030000
-35,61693049;276,34510000;88,54030000
-35,57597049;280,86180000;88,54030000
-35,53501049;280,86180000;90,33479000
-35,49405049;280,86180000;95,73045000
-35,45309049;280,86180000;95,73045000
-35,41213049;280,86180000;95,73045000
-35,37117049;280,86180000;97,53105000
-35,33021049;289,92580000;95,73045000
-35,28925049;285,39380000;95,73045000
-35,24829049;280,86180000;102,92670000
-35,20733049;285,39380000;101,12610000
-35,16637049;289,92580000;101,12610000
-35,12541049;289,92580000;102,92670000
-35,08445049;289,92580000;102,92670000
-35,04349049;289,92580000;104,72120000
-35,00253049;289,92580000;106,52180000
-34,96157049;294,44260000;108,31630000
-34,92061049;298,97450000;108,31630000
-34,87965049;294,44260000;108,31630000
-34,83869050;289,92580000;111,91750000
-34,79773050;294,44260000;111,91750000
-34,75677050;298,97450000;110,11690000
-34,71581050;298,97450000;111,91750000
-34,67485050;298,97450000;113,71200000
-34,63389050;298,97450000;110,11690000
-34,59293050;298,97450000;117,31310000
-34,55197050;303,50660000;115,51260000
-34,51101050;298,97450000;115,51260000
-34,47005050;308,02330000;119,10760000
-34,42909050;298,97450000;117,31310000
-34,38813050;298,97450000;117,31310000
-34,34717050;298,97450000;117,31310000
-34,30621050;298,97450000;120,90820000
-34,26525050;303,50660000;120,90820000
-34,22429050;298,97450000;120,90820000
-34,18333050;303,50660000;120,90820000
-34,14237050;303,50660000;122,70270000
-34,10141050;303,50660000;120,90820000
-34,06045050;303,50660000;122,70270000
-34,01949050;303,50660000;124,50330000
-33,97853050;303,50660000;122,70270000
-33,93757050;303,50660000;126,30390000
-33,89661050;303,50660000;128,09840000
-33,85565050;308,02330000;122,70270000
-33,81469050;308,02330000;120,90820000
-33,77373050;303,50660000;128,09840000
-33,73277050;303,50660000;126,30390000
-33,69181050;298,97450000;131,69350000
-33,65085050;303,50660000;128,09840000
-33,60989050;308,02330000;128,09840000
-33,56893050;303,50660000;124,50330000
-33,52797050;298,97450000;128,09840000
-33,48701050;298,97450000;128,09840000
-33,44605050;303,50660000;129,89900000
-33,40509050;303,50660000;128,09840000
-33,36413050;303,50660000;128,09840000
-33,32317050;298,97450000;131,69350000
-33,28221050;303,50660000;128,09840000
-33,24125050;298,97450000;126,30390000
-33,20029051;298,97450000;124,50330000
-33,15933051;298,97450000;129,89900000
-33,11837051;285,39380000;138,88970000
-33,07741051;298,97450000;129,89900000
-33,03645051;294,44260000;128,09840000
-32,99549051;294,44260000;126,30390000
-32,95453051;294,44260000;129,89900000
-32,91357051;289,92580000;126,30390000
-32,87261051;285,39380000;126,30390000
-32,83165051;285,39380000;128,09840000
-32,79069051;289,92580000;128,09840000
-32,74973051;280,86180000;124,50330000
-32,70877051;280,86180000;128,09840000
-32,66781051;280,86180000;126,30390000
-32,62685051;271,81310000;124,50330000
-32,58589051;271,81310000;124,50330000
-32,54493051;262,76430000;126,30390000
-32,50397051;267,28110000;124,50330000
-32,46301051;262,76430000;120,90820000
-32,42205051;262,76430000;126,30390000
-32,38109051;253,70040000;124,50330000
-32,34013051;253,70040000;120,90820000
-32,29917051;253,70040000;124,50330000
-32,25821051;244,65160000;126,30390000
-32,21725051;244,65160000;120,90820000
-32,17629051;235,60290000;124,50330000
-32,13533051;235,60290000;124,50330000
-32,09437051;235,60290000;120,90820000
-32,05341051;231,07090000;117,31310000
-32,01245051;226,53890000;120,90820000
-31,97149051;217,49010000;120,90820000
-31,93053051;217,49010000;120,90820000
-31,88957051;212,95810000;120,90820000
-31,84861051;212,95810000;117,31310000
-31,80765051;208,44140000;113,71200000
-31,76669051;203,90940000;115,51260000
-31,72573051;194,86070000;117,31310000
-31,68477051;194,86070000;115,51260000
-31,64381051;190,32870000;117,31310000
-31,60285051;181,27990000;117,31310000
-31,56189052;181,27990000;110,11690000
-31,52093052;176,74790000;110,11690000
-31,47997052;167,69920000;113,71200000
-31,43901052;163,16720000;110,11690000
-31,39805052;163,16720000;110,11690000
-31,35709052;158,65050000;110,11690000
-31,31613052;154,11850000;110,11690000
-31,27517052;145,06970000;108,31630000
-31,23421052;145,06970000;106,52180000
-31,19325052;136,00570000;108,31630000
-31,15229052;131,48900000;104,72120000
-31,11133052;126,95700000;101,12610000
-31,07037052;122,42500000;102,92670000
-31,02941052;117,90830000;102,92670000
-30,98845052;113,37630000;101,12610000
-30,94749052;108,84430000;99,32554000
-30,90653052;108,84430000;95,73045000
-30,86557052;99,79552000;95,73045000
-30,82461052;95,26352000;95,73045000
-30,78365052;90,74679000;95,73045000
-30,74269052;86,21478000;95,73045000
-30,70173052;81,68279000;95,73045000
-30,66077052;81,68279000;90,33479000
-30,61981052;72,63405000;90,33479000
-30,57885052;68,10205000;90,33479000
-30,53789052;59,05331000;88,54030000
-30,49693052;54,52132000;88,54030000
-30,45597052;50,00458000;86,73971000
-30,41501052;50,00458000;84,94522000
-30,37405052;45,47258000;81,34403000
-30,33309052;36,42384000;88,54030000
-30,29213052;31,89184000;83,14462000
-30,25117052;27,37510000;81,34403000
-30,21021052;27,37510000;77,74895000
-30,16925052;18,32636000;77,74895000
-30,12829052;13,80962000;74,15387000
-30,08733052;9,27762600;79,54955000
-30,04637052;4,74562800;77,74895000
-30,00541052;4,74562800;70,55879000
-29,96445052;0,22888880;66,95761000
-29,92349053;-8,83510900;66,95761000
-29,88253053;-22,41584000;68,75820000
-29,84157053;-26,93258000;72,35329000
-29,80061053;-22,41584000;65,16312000
-29,75965053;-22,41584000;59,76745000
-29,71869053;-31,46458000;61,56804000
-29,67773053;-45,04532000;65,16312000
-29,63677053;-45,04532000;65,16312000
-29,59581053;-40,51332000;57,96685000
-29,55485053;-45,04532000;56,17237000
-29,51389053;-54,09406000;52,57729000
-29,47293053;-58,62605000;56,17237000
-29,43197053;-63,15805000;56,17237000
-29,39101053;-63,15805000;52,57729000
-29,35005053;-63,15805000;48,97610000
-29,30909053;-72,20679000;45,38102000
-29,26813053;-81,25553000;50,77670000
-29,22717053;-76,73878000;45,38102000
-29,18621053;-76,73878000;39,98535000
-29,14525053;-81,25553000;38,19086000
-29,10429053;-90,31953000;38,19086000
-29,06333053;-99,36826000;41,78594000
-29,02237053;-99,36826000;41,78594000
-28,98141053;-94,83626000;29,20011000
-28,94045053;-99,36826000;32,79519000
-28,89949053;-108,41700000;29,20011000
-28,85853053;-117,48100000;32,79519000
-28,81757053;-117,48100000;32,79519000
-28,77661053;-117,48100000;25,59892000
-28,73565053;-117,48100000;23,80444000
-28,69469053;-126,52970000;25,59892000
-28,65373053;-131,04650000;23,80444000
-28,61277053;-131,04650000;22,00385000
-28,57181053;-135,57850000;18,40877000
-28,53085053;-135,57850000;16,60817000
-28,48989053;-135,57850000;14,81368000
-28,44893053;-149,15920000;16,60817000
-28,40797053;-153,69120000;16,60817000
-28,36701053;-144,62720000;11,21860000
-28,32605053;-149,15920000;9,41801200
-28,28509054;-153,69120000;5,82293100
-28,24413054;-162,73990000;5,82293100
-28,20317054;-162,73990000;9,41801200
-28,16221054;-162,73990000;2,22785100
-28,12125054;-171,78870000;-4,96230900
-28,08029054;-167,27190000;2,22785100
-28,03933054;-171,78870000;-4,96230900
-27,99837054;-171,78870000;-4,96230900
-27,95741054;-180,85270000;-3,16171700
-27,91645054;-180,85270000;-4,96230900
-27,87549054;-176,32070000;-6,76290100
-27,83453054;-180,85270000;-10,35798000
-27,79357054;-189,90140000;-12,15247000
-27,75261054;-194,43340000;-6,76290100
-27,71165054;-189,90140000;-12,15247000
-27,67069054;-189,90140000;-19,34873000
-27,62973054;-189,90140000;-21,14322000
-27,58877054;-198,95010000;-19,34873000
-27,54781054;-203,48210000;-19,34873000
-27,50685054;-208,01410000;-19,34873000
-27,46589054;-203,48210000;-24,74441000
-27,42493054;-203,48210000;-30,13398000
-27,38397054;-208,01410000;-28,33949000
-27,34301054;-217,06290000;-22,94382000
-27,30205054;-217,06290000;-28,33949000
-27,26109054;-208,01410000;-33,73516000
-27,22013054;-208,01410000;-40,92532000
-27,17917054;-217,06290000;-40,92532000
-27,13821054;-226,11160000;-33,73516000
-27,09725054;-226,11160000;-33,73516000
-27,05629054;-221,59490000;-40,92532000
-27,01533054;-217,06290000;-48,12158000
-26,97437054;-226,11160000;-48,12158000
-26,93341054;-239,69240000;-42,72591000
-26,89245054;-235,17560000;-42,72591000
-26,85149054;-230,64360000;-48,12158000
-26,81053054;-230,64360000;-53,51115000
-26,76957054;-239,69240000;-55,31175000
-26,72861054;-248,75630000;-51,71666000
-26,68765054;-248,75630000;-49,91607000
-26,64669055;-239,69240000;-55,31175000
-26,60573055;-239,69240000;-60,70742000
-26,56477055;-244,22430000;-62,50190000
-26,52381055;-253,27310000;-60,70742000
-26,48285055;-253,27310000;-60,70742000
-26,44189055;-248,75630000;-62,50190000
-26,40093055;-253,27310000;-66,10309000
-26,35997055;-253,27310000;-69,69817000
-26,31901055;-262,33710000;-66,10309000
-26,27805055;-257,80510000;-66,10309000
-26,23709055;-253,27310000;-71,49266000
-26,19613055;-253,27310000;-69,69817000
-26,15517055;-262,33710000;-76,88834000
-26,11421055;-262,33710000;-73,29325000
-26,07325055;-262,33710000;-76,88834000
-26,03229055;-262,33710000;-78,68892000
-25,99133055;-262,33710000;-80,48952000
-25,95037055;-257,80510000;-82,28400000
-25,90941055;-266,85380000;-82,28400000
-25,86845055;-271,38580000;-82,28400000
-25,82749055;-271,38580000;-85,87908000
-25,78653055;-271,38580000;-84,08459000
-25,74557055;-271,38580000;-87,67968000
-25,70461055;-275,90260000;-91,27476000
-25,66365055;-275,90260000;-87,67968000
-25,62269055;-280,43460000;-89,48027000
-25,58173055;-280,43460000;-91,27476000
-25,54077055;-275,90260000;-93,07535000
-25,49981055;-280,43460000;-96,67043000
-25,45885055;-280,43460000;-96,67043000
-25,41789055;-289,48330000;-91,27476000
-25,37693055;-280,43460000;-98,47102000
-25,33597055;-280,43460000;-98,47102000
-25,29501055;-280,43460000;-102,06610000
-25,25405055;-284,96660000;-102,06610000
-25,21309055;-298,54730000;-102,06610000
-25,17213055;-289,48330000;-100,26550000
-25,13117055;-289,48330000;-105,66120000
-25,09021055;-294,01530000;-105,66120000
-25,04925055;-294,01530000;-107,46180000
-25,00829055;-298,54730000;-105,66120000
-24,96733056;-298,54730000;-105,66120000
-24,92637056;-289,48330000;-107,46180000
-24,88541056;-289,48330000;-112,85740000
-24,84445056;-289,48330000;-112,85740000
-24,80349056;-298,54730000;-107,46180000
-24,76253056;-298,54730000;-111,05690000
-24,72157056;-298,54730000;-112,85740000
-24,68061056;-298,54730000;-112,85740000
-24,63965056;-298,54730000;-116,45250000
-24,59869056;-303,06400000;-114,65190000
-24,55773056;-303,06400000;-114,65190000
-24,51677056;-298,54730000;-114,65190000
-24,47581056;-298,54730000;-120,04760000
-24,43485056;-298,54730000;-121,84820000
-24,39389056;-307,59600000;-116,45250000
-24,35293056;-307,59600000;-118,24700000
-24,31197056;-298,54730000;-121,84820000
-24,27101056;-298,54730000;-120,04760000
-24,23005056;-303,06400000;-123,64270000
-24,18909056;-307,59600000;-121,84820000
-24,14813056;-312,12810000;-120,04760000
-24,10717056;-298,54730000;-123,64270000
-24,06621056;-303,06400000;-127,23780000
-24,02525056;-307,59600000;-125,44330000
-23,98429056;-312,12810000;-121,84820000
-23,94333056;-312,12810000;-123,64270000
-23,90237056;-307,59600000;-127,23780000
-23,86141056;-303,06400000;-127,23780000
-23,82045056;-307,59600000;-129,03840000
-23,77949056;-307,59600000;-127,23780000
-23,73853056;-312,12810000;-127,23780000
-23,69757056;-307,59600000;-127,23780000
-23,65661056;-307,59600000;-127,23780000
-23,61565056;-307,59600000;-130,83900000
-23,57469056;-307,59600000;-127,23780000
-23,53373056;-307,59600000;-127,23780000
-23,49277056;-303,06400000;-129,03840000
-23,45181056;-303,06400000;-130,83900000
-23,41085056;-307,59600000;-130,83900000
-23,36989056;-303,06400000;-127,23780000
-23,32893057;-298,54730000;-129,03840000
-23,28797057;-298,54730000;-134,43400000
-23,24701057;-298,54730000;-130,83900000
-23,20605057;-298,54730000;-129,03840000
-23,16509057;-298,54730000;-129,03840000
-23,12413057;-298,54730000;-129,03840000
-23,08317057;-294,01530000;-130,83900000
-23,04221057;-298,54730000;-130,83900000
-23,00125057;-294,01530000;-129,03840000
-22,96029057;-294,01530000;-127,23780000
-22,91933057;-289,48330000;-127,23780000
-22,87837057;-289,48330000;-130,83900000
-22,83741057;-289,48330000;-129,03840000
-22,79645057;-284,96660000;-127,23780000
-22,75549057;-280,43460000;-130,83900000
-22,71453057;-280,43460000;-127,23780000
-22,67357057;-280,43460000;-127,23780000
-22,63261057;-275,90260000;-129,03840000
-22,59165057;-271,38580000;-127,23780000
-22,55069057;-271,38580000;-127,23780000
-22,50973057;-266,85380000;-127,23780000
-22,46877057;-262,33710000;-127,23780000
-22,42781057;-262,33710000;-127,23780000
-22,38685057;-262,33710000;-127,23780000
-22,34589057;-253,27310000;-127,23780000
-22,30493057;-253,27310000;-121,84820000
-22,26397057;-248,75630000;-123,64270000
-22,22301057;-244,22430000;-123,64270000
-22,18205057;-244,22430000;-121,84820000
-22,14109057;-239,69240000;-121,84820000
-22,10013057;-235,17560000;-121,84820000
-22,05917057;-235,17560000;-121,84820000
-22,01821057;-226,11160000;-121,84820000
-21,97725057;-226,11160000;-121,84820000
-21,93629057;-221,59490000;-121,84820000
-21,89533057;-217,06290000;-116,45250000
-21,85437057;-212,53090000;-118,24700000
-21,81341057;-208,01410000;-120,04760000
-21,77245057;-203,48210000;-116,45250000
-21,73149057;-198,95010000;-114,65190000
-21,69053058;-194,43340000;-118,24700000
-21,64957058;-189,90140000;-112,85740000
-21,60861058;-189,90140000;-114,65190000
-21,56765058;-180,85270000;-114,65190000
-21,52669058;-180,85270000;-112,85740000
-21,48573058;-171,78870000;-112,85740000
-21,44477058;-171,78870000;-105,66120000
-21,40381058;-167,27190000;-112,85740000
-21,36285058;-162,73990000;-111,05690000
-21,32189058;-153,69120000;-109,25630000
-21,28093058;-153,69120000;-107,46180000
-21,23997058;-149,15920000;-107,46180000
-21,19901058;-140,11050000;-107,46180000
-21,15805058;-135,57850000;-107,46180000
-21,11709058;-140,11050000;-107,46180000
-21,07613058;-126,52970000;-105,66120000
-21,03517058;-121,99770000;-105,66120000
-20,99421058;-117,48100000;-100,26550000
-20,95325058;-117,48100000;-100,26550000
-20,91229058;-108,41700000;-98,47102000
-20,87133058;-103,90030000;-98,47102000
-20,83037058;-99,36826000;-100,26550000
-20,78941058;-94,83626000;-98,47102000
-20,74845058;-90,31953000;-94,86984000
-20,70749058;-85,78752000;-93,07535000
-20,66653058;-81,25553000;-93,07535000
-20,62557058;-72,20679000;-93,07535000
-20,58461058;-63,15805000;-93,07535000
-20,54365058;-63,15805000;-94,86984000
-20,50269058;-63,15805000;-89,48027000
-20,46173058;-58,62605000;-87,67968000
-20,42077058;-54,09406000;-85,87908000
-20,37981058;-45,04532000;-84,08459000
-20,33885058;-40,51332000;-85,87908000
-20,29789058;-35,99658000;-84,08459000
-20,25693058;-35,99658000;-78,68892000
-20,21597058;-26,93258000;-82,28400000
-20,17501058;-22,41584000;-80,48952000
-20,13405058;-17,88385000;-78,68892000
-20,09309058;-17,88385000;-76,88834000
-20,05213059;-8,83510900;-76,88834000
-20,01117059;-8,83510900;-73,29325000
-19,97021059;0,22888880;-69,69817000
-19,92925059;9,27762600;-71,49266000
-19,88829059;9,27762600;-73,29325000
-19,84733059;9,27762600;-69,69817000
-19,80637059;13,80962000;-64,30250000
-19,76541059;22,85836000;-64,30250000
-19,72445059;27,37510000;-66,10309000
-19,68349059;31,89184000;-64,30250000
-19,64253059;36,42384000;-60,70742000
-19,60157059;36,42384000;-58,90683000
-19,56061059;45,47258000;-57,11234000
-19,51965059;50,00458000;-58,90683000
-19,47869059;54,52132000;-57,11234000
-19,43773059;54,52132000;-55,31175000
-19,39677059;63,58531000;-51,71666000
-19,35581059;63,58531000;-49,91607000
-19,31485059;72,63405000;-49,91607000
-19,27389059;72,63405000;-49,91607000
-19,23293059;72,63405000;-48,12158000
-19,19197059;77,16605000;-42,72591000
-19,15101059;77,16605000;-39,13083000
-19,11005059;86,21478000;-42,72591000
-19,06909059;90,74679000;-42,72591000
-19,02813059;95,26352000;-40,92532000
-18,98717059;99,79552000;-39,13083000
-18,94621059;99,79552000;-33,73516000
-18,90525059;104,32750000;-35,52965000
-18,86429059;108,84430000;-37,33024000
-18,82333059;108,84430000;-26,53890000
-18,78237059;113,37630000;-26,53890000
-18,74141059;122,42500000;-30,13398000
-18,70045059;122,42500000;-26,53890000
-18,65949059;126,95700000;-28,33949000
-18,61853059;126,95700000;-22,94382000
-18,57757059;131,48900000;-21,14322000
-18,53661059;136,00570000;-19,34873000
-18,49565059;136,00570000;-17,54814000
-18,45469059;145,06970000;-17,54814000
-18,41373060;145,06970000;-15,75365000
-18,37277060;145,06970000;-12,15247000
-18,33181060;149,58650000;-10,35798000
-18,29085060;154,11850000;-12,15247000
-18,24989060;154,11850000;-8,55739000
-18,20893060;158,65050000;-4,96230900
-18,16797060;163,16720000;-4,96230900
-18,12701060;163,16720000;-3,16171700
-18,08605060;163,16720000;2,22785100
-18,04509060;172,23120000;-1,36722900
-18,00413060;172,23120000;-1,36722900
-17,96317060;172,23120000;7,61742000
-17,92221060;181,27990000;5,82293100
-17,88125060;181,27990000;9,41801200
-17,84029060;190,32870000;7,61742000
-17,79933060;185,79670000;9,41801200
-17,75837060;190,32870000;13,01309000
-17,71741060;190,32870000;13,01309000
-17,67645060;190,32870000;14,81368000
-17,63549060;194,86070000;14,81368000
-17,59453060;194,86070000;16,60817000
-17,55357060;199,37740000;22,00385000
-17,51261060;203,90940000;20,20936000
-17,47165060;208,44140000;22,00385000
-17,43069060;208,44140000;25,59892000
-17,38973060;208,44140000;27,39952000
-17,34877060;208,44140000;30,99460000
-17,30781060;217,49010000;30,99460000
-17,26685060;217,49010000;30,99460000
-17,22589060;212,95810000;34,58968000
-17,18493060;217,49010000;32,79519000
-17,14397060;226,53890000;34,58968000
-17,10301060;222,02210000;38,19086000
-17,06205060;226,53890000;38,19086000
-17,02109060;226,53890000;43,58654000
-16,98013060;240,11960000;45,38102000
-16,93917060;231,07090000;41,78594000
-16,89821060;231,07090000;45,38102000
-16,85725060;231,07090000;48,97610000
-16,81629060;235,60290000;47,18161000
-16,77533061;240,11960000;50,77670000
-16,73437061;240,11960000;54,37177000
-16,69341061;244,65160000;52,57729000
-16,65245061;244,65160000;54,37177000
-16,61149061;244,65160000;57,96685000
-16,57053061;253,70040000;54,37177000
-16,52957061;249,18360000;59,76745000
-16,48861061;244,65160000;65,16312000
-16,44765061;244,65160000;65,16312000
-16,40669061;253,70040000;66,95761000
-16,36573061;253,70040000;63,36253000
-16,32477061;253,70040000;65,16312000
-16,28381061;253,70040000;70,55879000
-16,24285061;253,70040000;74,15387000
-16,20189061;258,23230000;72,35329000
-16,16093061;262,76430000;74,15387000
-16,11997061;262,76430000;74,15387000
-16,07901061;262,76430000;72,35329000
-16,03805061;258,23230000;77,74895000
-15,99709061;262,76430000;79,54955000
-15,95613061;267,28110000;79,54955000
-15,91517061;267,28110000;77,74895000
-15,87421061;262,76430000;81,34403000
-15,83325061;262,76430000;84,94522000
-15,79229061;271,81310000;86,73971000
-15,75133061;276,34510000;84,94522000
-15,71037061;271,81310000;84,94522000
-15,66941061;271,81310000;88,54030000
-15,62845061;276,34510000;90,33479000
-15,58749061;271,81310000;93,93597000
-15,54653061;280,86180000;88,54030000
-15,50557061;280,86180000;93,93597000
-15,46461061;280,86180000;93,93597000
-15,42365061;280,86180000;93,93597000
-15,38269061;280,86180000;97,53105000
-15,34173061;280,86180000;97,53105000
-15,30077061;289,92580000;95,73045000
-15,25981061;285,39380000;99,32554000
-15,21885061;280,86180000;102,92670000
-15,17789061;285,39380000;102,92670000
-15,13693061;289,92580000;101,12610000
-15,09597062;289,92580000;102,92670000
-15,05501062;289,92580000;104,72120000
-15,01405062;280,86180000;111,91750000
-14,97309062;294,44260000;106,52180000
-14,93213062;298,97450000;110,11690000
-14,89117062;294,44260000;108,31630000
-14,85021062;298,97450000;110,11690000
-14,80925062;298,97450000;110,11690000
-14,76829062;298,97450000;110,11690000
-14,72733062;298,97450000;113,71200000
-14,68637062;298,97450000;110,11690000
-14,64541062;298,97450000;113,71200000
-14,60445062;298,97450000;117,31310000
-14,56349062;298,97450000;115,51260000
-14,52253062;303,50660000;113,71200000
-14,48157062;298,97450000;117,31310000
-14,44061062;298,97450000;117,31310000
-14,39965062;298,97450000;117,31310000
-14,35869062;298,97450000;119,10760000
-14,31773062;303,50660000;117,31310000
-14,27677062;303,50660000;117,31310000
-14,23581062;303,50660000;117,31310000
-14,19485062;303,50660000;120,90820000
-14,15389062;303,50660000;126,30390000
-14,11293062;303,50660000;124,50330000
-14,07197062;308,02330000;122,70270000
-14,03101062;308,02330000;122,70270000
-13,99005062;303,50660000;124,50330000
-13,94909062;308,02330000;122,70270000
-13,90813062;308,02330000;124,50330000
-13,86717062;308,02330000;124,50330000
-13,82621062;303,50660000;124,50330000
-13,78525062;303,50660000;128,09840000
-13,74429062;303,50660000;128,09840000
-13,70333062;308,02330000;124,50330000
-13,66237062;312,55530000;122,70270000
-13,62141062;303,50660000;124,50330000
-13,58045062;298,97450000;131,69350000
-13,53949062;298,97450000;133,49400000
-13,49853062;308,02330000;126,30390000
-13,45757063;308,02330000;122,70270000
-13,41661063;303,50660000;124,50330000
-13,37565063;298,97450000;129,89900000
-13,33469063;298,97450000;131,69350000
-13,29373063;303,50660000;129,89900000
-13,25277063;308,02330000;124,50330000
-13,21181063;303,50660000;124,50330000
-13,17085063;289,92580000;129,89900000
-13,12989063;289,92580000;135,29460000
-13,08893063;298,97450000;124,50330000
-13,04797063;303,50660000;122,70270000
-13,00701063;294,44260000;124,50330000
-12,96605063;285,39380000;129,89900000
-12,92509063;285,39380000;131,69350000
-12,88413063;289,92580000;131,69350000
-12,84317063;303,50660000;124,50330000
-12,80221063;289,92580000;126,30390000
-12,76125063;280,86180000;129,89900000
-12,72029063;276,34510000;129,89900000
-12,67933063;280,86180000;128,09840000
-12,63837063;280,86180000;122,70270000
-12,59741063;271,81310000;122,70270000
-12,55645063;267,28110000;124,50330000
-12,51549063;262,76430000;131,69350000
-12,47453063;262,76430000;126,30390000
-12,43357063;267,28110000;122,70270000
-12,39261063;262,76430000;122,70270000
-12,35165063;253,70040000;124,50330000
-12,31069063;244,65160000;124,50330000
-12,26973063;253,70040000;124,50330000
-12,22877063;249,18360000;119,10760000
-12,18781063;240,11960000;122,70270000
-12,14685063;235,60290000;122,70270000
-12,10589063;231,07090000;126,30390000
-12,06493063;231,07090000;122,70270000
-12,02397063;231,07090000;117,31310000
-11,98301063;226,53890000;119,10760000
-11,94205063;217,49010000;117,31310000
-11,90109063;217,49010000;117,31310000
-11,86013063;212,95810000;117,31310000
-11,81917064;208,44140000;117,31310000
-11,77821064;208,44140000;119,10760000
-11,73725064;203,90940000;115,51260000
-11,69629064;194,86070000;113,71200000
-11,65533064;190,32870000;117,31310000
-11,61437064;190,32870000;111,91750000
-11,57341064;185,79670000;113,71200000
-11,53245064;181,27990000;113,71200000
-11,49149064;172,23120000;110,11690000
-11,45053064;172,23120000;110,11690000
-11,40957064;163,16720000;115,51260000
-11,36861064;163,16720000;108,31630000
-11,32765064;158,65050000;104,72120000
-11,28669064;154,11850000;108,31630000
-11,24573064;140,53770000;108,31630000
-11,20477064;136,00570000;110,11690000
-11,16381064;136,00570000;108,31630000
-11,12285064;136,00570000;102,92670000
-11,08189064;126,95700000;101,12610000
-11,04093064;117,90830000;102,92670000
-10,99997064;108,84430000;102,92670000
-10,95901064;117,90830000;102,92670000
-10,91805064;113,37630000;97,53105000
-10,87709064;108,84430000;88,54030000
-10,83613064;90,74679000;99,32554000
-10,79517064;90,74679000;97,53105000
-10,75421064;86,21478000;95,73045000
-10,71325064;90,74679000;95,73045000
-10,67229064;81,68279000;88,54030000
-10,63133064;72,63405000;92,13538000
-10,59037064;63,58531000;95,73045000
-10,54941064;68,10205000;90,33479000
-10,50845064;68,10205000;84,94522000
-10,46749064;63,58531000;84,94522000
-10,42653064;45,47258000;86,73971000
-10,38557064;45,47258000;88,54030000
-10,34461064;40,94057000;84,94522000
-10,30365064;45,47258000;77,74895000
-10,26269064;36,42384000;79,54955000
-10,22173064;27,37510000;81,34403000
-10,18077065;18,32636000;84,94522000
-10,13981065;18,32636000;77,74895000
-10,09885065;18,32636000;72,35329000
-10,05789065;13,80962000;70,55879000
-10,01693065;-4,30311000;74,15387000
-9,97597065;-8,83510900;74,15387000
-9,93501065;-8,83510900;74,15387000
-9,89405065;-4,30311000;66,95761000
-9,85309065;-8,83510900;65,16312000
-9,81213065;-22,41584000;66,95761000
-9,77117065;-26,93258000;66,95761000
-9,73021065;-26,93258000;65,16312000
-9,68925065;-31,46458000;63,36253000
-9,64829065;-35,99658000;59,76745000
-9,60733065;-45,04532000;57,96685000
-9,56637065;-45,04532000;57,96685000
-9,52541065;-45,04532000;57,96685000
-9,48445065;-49,57732000;54,37177000
-9,44349065;-58,62605000;54,37177000
-9,40253065;-63,15805000;52,57729000
-9,36157065;-63,15805000;48,97610000
-9,32061065;-72,20679000;50,77670000
-9,27965065;-72,20679000;48,97610000
-9,23869065;-72,20679000;45,38102000
-9,19773065;-81,25553000;43,58654000
-9,15677065;-81,25553000;43,58654000
-9,11581065;-90,31953000;43,58654000
-9,07485065;-90,31953000;38,19086000
-9,03389065;-94,83626000;39,98535000
-8,99293065;-99,36826000;36,39027000
-8,95197065;-99,36826000;39,98535000
-8,91101065;-108,41700000;32,79519000
-8,87005065;-108,41700000;30,99460000
-8,82909065;-112,94900000;34,58968000
-8,78813065;-112,94900000;27,39952000
-8,74717065;-117,48100000;25,59892000
-8,70621065;-112,94900000;18,40877000
-8,66525065;-126,52970000;23,80444000
-8,62429065;-131,04650000;22,00385000
-8,58333065;-131,04650000;22,00385000
-8,54237066;-135,57850000;22,00385000
-8,50141066;-140,11050000;16,60817000
-8,46045066;-144,62720000;20,20936000
-8,41949066;-144,62720000;14,81368000
-8,37853066;-144,62720000;11,21860000
-8,33757066;-149,15920000;9,41801200
-8,29661066;-162,73990000;11,21860000
-8,25565066;-162,73990000;9,41801200
-8,21469066;-158,20790000;4,02233900
-8,17373066;-162,73990000;4,02233900
-8,13277066;-162,73990000;0,43336280
-8,09181066;-171,78870000;4,02233900
-8,05085066;-171,78870000;2,22785100
-8,00989066;-171,78870000;0,43336280
-7,96893066;-171,78870000;-4,96230900
-7,92797066;-171,78870000;-12,15247000
-7,88701066;-180,85270000;-6,76290100
-7,84605066;-189,90140000;-3,16171700
-7,80509066;-189,90140000;-6,76290100
-7,76413066;-180,85270000;-13,95306000
-7,72317066;-180,85270000;-17,54814000
-7,68221066;-189,90140000;-17,54814000
-7,64125066;-203,48210000;-15,75365000
-7,60029066;-198,95010000;-13,95306000
-7,55933066;-198,95010000;-21,14322000
-7,51837066;-198,95010000;-22,94382000
-7,47741066;-203,48210000;-22,94382000
-7,43645066;-208,01410000;-22,94382000
-7,39549066;-212,53090000;-24,74441000
-7,35453066;-208,01410000;-28,33949000
-7,31357066;-208,01410000;-33,73516000
-7,27261066;-217,06290000;-33,73516000
-7,23165066;-221,59490000;-26,53890000
-7,19069066;-217,06290000;-33,73516000
-7,14973066;-217,06290000;-37,33024000
-7,10877066;-217,06290000;-42,72591000
-7,06781066;-226,11160000;-40,92532000
-7,02685066;-230,64360000;-39,13083000
-6,98589066;-230,64360000;-42,72591000
-6,94493066;-226,11160000;-48,12158000
-6,90397067;-239,69240000;-42,72591000
-6,86301067;-235,17560000;-48,12158000
-6,82205067;-239,69240000;-48,12158000
-6,78109067;-239,69240000;-49,91607000
-6,74013067;-235,17560000;-53,51115000
-6,69917067;-239,69240000;-55,31175000
-6,65821067;-244,22430000;-55,31175000
-6,61725067;-244,22430000;-57,11234000
-6,57629067;-244,22430000;-58,90683000
-6,53533067;-244,22430000;-62,50190000
-6,49437067;-248,75630000;-62,50190000
-6,45341067;-253,27310000;-62,50190000
-6,41245067;-253,27310000;-62,50190000
-6,37149067;-253,27310000;-64,30250000
-6,33053067;-253,27310000;-69,69817000
-6,28957067;-257,80510000;-69,69817000
-6,24861067;-257,80510000;-69,69817000
-6,20765067;-262,33710000;-71,49266000
-6,16669067;-262,33710000;-73,29325000
-6,12573067;-257,80510000;-76,88834000
-6,08477067;-262,33710000;-76,88834000
-6,04381067;-271,38580000;-71,49266000
-6,00285067;-262,33710000;-76,88834000
-5,96189067;-266,85380000;-80,48952000
-5,92093067;-262,33710000;-84,08459000
-5,87997067;-266,85380000;-84,08459000
-5,83901067;-271,38580000;-84,08459000
-5,79805067;-275,90260000;-84,08459000
-5,75709067;-271,38580000;-84,08459000
-5,71613067;-271,38580000;-87,67968000
-5,67517067;-271,38580000;-91,27476000
-5,63421067;-275,90260000;-91,27476000
-5,59325067;-275,90260000;-91,27476000
-5,55229067;-280,43460000;-93,07535000
-5,51133067;-275,90260000;-91,27476000
-5,47037067;-280,43460000;-94,86984000
-5,42941067;-280,43460000;-96,67043000
-5,38845067;-284,96660000;-98,47102000
-5,34749067;-289,48330000;-98,47102000
-5,30653067;-280,43460000;-98,47102000
-5,26557067;-280,43460000;-100,26550000
-5,22461068;-280,43460000;-103,86060000
-5,18365068;-284,96660000;-103,86060000
-5,14269068;-298,54730000;-98,47102000
-5,10173068;-298,54730000;-100,26550000
-5,06077068;-289,48330000;-105,66120000
-5,01981068;-284,96660000;-112,85740000
-4,97885068;-289,48330000;-111,05690000
-4,93789068;-298,54730000;-102,06610000
-4,89693068;-298,54730000;-105,66120000
-4,85597068;-289,48330000;-109,25630000
-4,81501068;-284,96660000;-114,65190000
-4,77405068;-298,54730000;-114,65190000
-4,73309068;-298,54730000;-111,05690000
-4,69213068;-298,54730000;-111,05690000
-4,65117068;-294,01530000;-116,45250000
-4,61021068;-294,01530000;-116,45250000
-4,56925068;-298,54730000;-116,45250000
-4,52829068;-307,59600000;-112,85740000
-4,48733068;-303,06400000;-112,85740000
-4,44637068;-298,54730000;-120,04760000
-4,40541068;-294,01530000;-125,44330000
-4,36445068;-298,54730000;-123,64270000
-4,32349068;-307,59600000;-118,24700000
-4,28253068;-312,12810000;-112,85740000
-4,24157068;-303,06400000;-121,84820000
-4,20061068;-298,54730000;-123,64270000
-4,15965068;-303,06400000;-127,23780000
-4,11869068;-312,12810000;-120,04760000
-4,07773068;-316,64480000;-118,24700000
-4,03677068;-307,59600000;-121,84820000
-3,99581068;-298,54730000;-127,23780000
-3,95485068;-303,06400000;-125,44330000
-3,91389068;-312,12810000;-121,84820000
-3,87293068;-312,12810000;-130,83900000
-3,83197068;-312,12810000;-125,44330000
-3,79101068;-298,54730000;-132,63340000
-3,75005068;-303,06400000;-129,03840000
-3,70909068;-312,12810000;-125,44330000
-3,66813068;-312,12810000;-125,44330000
-3,62717068;-307,59600000;-129,03840000
-3,58621069;-298,54730000;-132,63340000
-3,54525069;-307,59600000;-130,83900000
-3,50429069;-307,59600000;-127,23780000
-3,46333069;-312,12810000;-129,03840000
-3,42237069;-303,06400000;-127,23780000
-3,38141069;-298,54730000;-129,03840000
-3,34045069;-298,54730000;-130,83900000
-3,29949069;-298,54730000;-129,03840000
-3,25853069;-307,59600000;-127,23780000
-3,21757069;-303,06400000;-129,03840000
-3,17661069;-298,54730000;-132,63340000
-3,13565069;-294,01530000;-132,63340000
-3,09469069;-298,54730000;-130,83900000
-3,05373069;-298,54730000;-127,23780000
-3,01277069;-298,54730000;-127,23780000
-2,97181069;-294,01530000;-130,83900000
-2,93085069;-289,48330000;-130,83900000
-2,88989069;-289,48330000;-130,83900000
-2,84893069;-289,48330000;-130,83900000
-2,80797069;-289,48330000;-127,23780000
-2,76701069;-275,90260000;-136,22850000
-2,72605069;-280,43460000;-130,83900000
-2,68509069;-280,43460000;-127,23780000
-2,64413069;-275,90260000;-129,03840000
-2,60317069;-280,43460000;-129,03840000
-2,56221069;-275,90260000;-123,64270000
-2,52125069;-271,38580000;-127,23780000
-2,48029069;-262,33710000;-129,03840000
-2,43933069;-262,33710000;-127,23780000
-2,39837069;-266,85380000;-120,04760000
-2,35741069;-262,33710000;-123,64270000
-2,31645069;-253,27310000;-127,23780000
-2,27549069;-244,22430000;-127,23780000
-2,23453069;-244,22430000;-127,23780000
-2,19357069;-248,75630000;-120,04760000
-2,15261069;-244,22430000;-120,04760000
-2,11165069;-239,69240000;-121,84820000
-2,07069069;-230,64360000;-127,23780000
-2,02973069;-226,11160000;-123,64270000
-1,98877069;-226,11160000;-120,04760000
-1,94781070;-226,11160000;-118,24700000
-1,90685070;-208,01410000;-120,04760000
-1,86589070;-208,01410000;-121,84820000
-1,82493070;-203,48210000;-121,84820000
-1,78397070;-208,01410000;-116,45250000
-1,74301070;-208,01410000;-112,85740000
-1,70205070;-198,95010000;-114,65190000
-1,66109070;-189,90140000;-120,04760000
-1,62013070;-189,90140000;-116,45250000
-1,57917070;-189,90140000;-112,85740000
-1,53821070;-189,90140000;-112,85740000
-1,49725070;-180,85270000;-112,85740000
-1,45629070;-167,27190000;-114,65190000
-1,41533070;-162,73990000;-114,65190000
-1,37437070;-167,27190000;-112,85740000
-1,33341070;-167,27190000;-105,66120000
-1,29245070;-153,69120000;-105,66120000
-1,25149070;-144,62720000;-112,85740000
-1,21053070;-144,62720000;-109,25630000
-1,16957070;-144,62720000;-105,66120000
-1,12861070;-135,57850000;-105,66120000
-1,08765070;-131,04650000;-102,06610000
-1,04669070;-117,48100000;-102,06610000
-1,00573070;-117,48100000;-105,66120000
-0,96477070;-117,48100000;-103,86060000
-0,92381070;-117,48100000;-98,47102000
-0,88285070;-108,41700000;-100,26550000
-0,84189070;-99,36826000;-105,66120000
-0,80093070;-99,36826000;-98,47102000
-0,75997070;-94,83626000;-93,07535000
-0,71901070;-90,31953000;-96,67043000
-0,67805070;-81,25553000;-93,07535000
-0,63709070;-81,25553000;-91,27476000
-0,59613070;-72,20679000;-93,07535000
-0,55517070;-67,67479000;-91,27476000
-0,51421070;-63,15805000;-91,27476000
-0,47325070;-63,15805000;-85,87908000
-0,43229070;-58,62605000;-84,08459000
-0,39133070;-54,09406000;-85,87908000
-0,35037070;-45,04532000;-85,87908000
-0,30941071;-40,51332000;-84,08459000
-0,26845071;-35,99658000;-82,28400000
-0,22749071;-31,46458000;-80,48952000
-0,18653071;-26,93258000;-80,48952000
-0,14557071;-17,88385000;-82,28400000
-0,10461071;-17,88385000;-76,88834000
-0,06365071;-22,41584000;-76,88834000
-0,02269071;-8,83510900;-71,49266000
0,01826929;-4,30311000;-76,88834000
0,05922929;9,27762600;-76,88834000
0,10018929;9,27762600;-75,09385000
0,14114929;9,27762600;-67,89758000
0,18210929;13,80962000;-64,30250000
0,22306929;18,32636000;-66,10309000
0,26402929;36,42384000;-64,30250000
0,30498929;31,89184000;-69,69817000
0,34594929;31,89184000;-64,30250000
0,38690929;36,42384000;-58,90683000
0,42786929;36,42384000;-57,11234000
0,46882929;45,47258000;-58,90683000
0,50978929;45,47258000;-57,11234000
0,55074929;50,00458000;-55,31175000
0,59170929;54,52132000;-51,71666000
0,63266929;63,58531000;-51,71666000
0,67362929;63,58531000;-49,91607000
0,71458929;63,58531000;-48,12158000
0,75554929;72,63405000;-46,32100000
0,79650929;81,68279000;-46,32100000
0,83746929;81,68279000;-46,32100000
0,87842929;86,21478000;-48,12158000
0,91938929;86,21478000;-40,92532000
0,96034929;90,74679000;-37,33024000
1,00130929;95,26352000;-37,33024000
1,04226929;99,79552000;-37,33024000
1,08322929;108,84430000;-35,52965000
1,12418929;108,84430000;-35,52965000
1,16514929;108,84430000;-33,73516000
1,20610929;108,84430000;-26,53890000
1,24706929;117,90830000;-28,33949000
1,28802929;122,42500000;-28,33949000
1,32898928;122,42500000;-26,53890000
1,36994928;126,95700000;-30,13398000
1,41090928;126,95700000;-21,14322000
1,45186928;136,00570000;-21,14322000
1,49282928;136,00570000;-21,14322000
1,53378928;140,53770000;-19,34873000
1,57474928;136,00570000;-15,75365000
1,61570928;140,53770000;-12,15247000
1,65666928;145,06970000;-12,15247000
1,69762928;154,11850000;-10,35798000
1,73858928;158,65050000;-15,75365000
1,77954928;154,11850000;-8,55739000
1,82050928;154,11850000;-4,96230900
1,86146928;154,11850000;2,22785100
1,90242928;167,69920000;-3,16171700
1,94338928;172,23120000;-4,96230900
1,98434928;172,23120000;-3,16171700
2,02530928;167,69920000;2,22785100
2,06626928;172,23120000;9,41801200
2,10722928;181,27990000;4,02233900
2,14818928;190,32870000;2,22785100
2,18914928;181,27990000;9,41801200
2,23010928;190,32870000;9,41801200
2,27106928;190,32870000;11,21860000
2,31202928;190,32870000;14,81368000
2,35298928;199,37740000;9,41801200
2,39394928;199,37740000;13,01309000
2,43490928;194,86070000;23,80444000
2,47586928;194,86070000;23,80444000
2,51682928;208,44140000;22,00385000
2,55778928;208,44140000;23,80444000
2,59874928;208,44140000;22,00385000
2,63970928;208,44140000;27,39952000
2,68066928;208,44140000;30,99460000
2,72162928;212,95810000;30,99460000
2,76258928;226,53890000;29,20011000
2,80354928;222,02210000;29,20011000
2,84450928;217,49010000;34,58968000
2,88546928;217,49010000;41,78594000
2,92642928;226,53890000;38,19086000
2,96738927;231,07090000;36,39027000
3,00834927;231,07090000;39,98535000
3,04930927;226,53890000;45,38102000
3,09026927;226,53890000;50,77670000
3,13122927;235,60290000;47,18161000
3,17218927;235,60290000;43,58654000
3,21314927;244,65160000;45,38102000
3,25410927;235,60290000;50,77670000
3,29506927;235,60290000;57,96685000
3,33602927;244,65160000;56,17237000
3,37698927;253,70040000;52,57729000
3,41794927;249,18360000;56,17237000
3,45890927;244,65160000;61,56804000
3,49986927;244,65160000;65,16312000
3,54082927;249,18360000;61,56804000
3,58178927;253,70040000;66,95761000
3,62274927;253,70040000;63,36253000
3,66370927;253,70040000;66,95761000
3,70466927;253,70040000;68,75820000
3,74562927;253,70040000;68,75820000
3,78658927;258,23230000;72,35329000
3,82754927;262,76430000;68,75820000
3,86850927;262,76430000;72,35329000
3,90946927;262,76430000;75,94836000
3,95042927;262,76430000;79,54955000
3,99138927;262,76430000;77,74895000
4,03234927;267,28110000;77,74895000
4,07330927;262,76430000;86,73971000
4,11426927;267,28110000;81,34403000
4,15522927;271,81310000;86,73971000
4,19618927;262,76430000;86,73971000
4,23714927;271,81310000;83,14462000
4,27810927;280,86180000;84,94522000
4,31906927;271,81310000;88,54030000
4,36002927;271,81310000;90,33479000
4,40098927;262,76430000;99,32554000
4,44194927;280,86180000;90,33479000
4,48290927;280,86180000;88,54030000
4,52386927;280,86180000;90,33479000
4,56482927;276,34510000;95,73045000
4,60578927;276,34510000;101,12610000
4,64674926;280,86180000;95,73045000
4,68770926;289,92580000;92,13538000
4,72866926;289,92580000;95,73045000
4,76962926;280,86180000;102,92670000
4,81058926;280,86180000;104,72120000
4,85154926;289,92580000;102,92670000
4,89250926;294,44260000;101,12610000
4,93346926;298,97450000;104,72120000
4,97442926;289,92580000;104,72120000
5,01538926;280,86180000;111,91750000
5,05634926;294,44260000;108,31630000
5,09730926;298,97450000;104,72120000
5,13826926;298,97450000;106,52180000
5,17922926;289,92580000;110,11690000
5,22018926;289,92580000;115,51260000
5,26114926;289,92580000;117,31310000
5,30210926;308,02330000;108,31630000
5,34306926;298,97450000;110,11690000
5,38402926;294,44260000;117,31310000
5,42498926;298,97450000;117,31310000
5,46594926;298,97450000;117,31310000
5,50690926;298,97450000;111,91750000
5,54786926;303,50660000;111,91750000
5,58882926;298,97450000;117,31310000
5,62978926;294,44260000;122,70270000
5,67074926;303,50660000;119,10760000
5,71170926;308,02330000;120,90820000
5,75266926;303,50660000;119,10760000
5,79362926;303,50660000;119,10760000
5,83458926;303,50660000;122,70270000
5,87554926;303,50660000;122,70270000
5,91650926;308,02330000;120,90820000
5,95746926;303,50660000;124,50330000
5,99842926;303,50660000;124,50330000
6,03938926;308,02330000;124,50330000
6,08034926;308,02330000;124,50330000
6,12130926;303,50660000;124,50330000
6,16226926;308,02330000;124,50330000
6,20322926;308,02330000;126,30390000
6,24418926;303,50660000;124,50330000
6,28514925;303,50660000;128,09840000
6,32610925;303,50660000;126,30390000
6,36706925;317,08730000;120,90820000
6,40802925;303,50660000;126,30390000
6,44898925;303,50660000;128,09840000
6,48994925;303,50660000;126,30390000
6,53090925;303,50660000;126,30390000
6,57186925;303,50660000;129,89900000
6,61282925;303,50660000;128,09840000
6,65378925;303,50660000;124,50330000
6,69474925;298,97450000;129,89900000
6,73570925;298,97450000;131,69350000
6,77666925;298,97450000;129,89900000
6,81762925;298,97450000;129,89900000
6,85858925;298,97450000;124,50330000
6,89954925;298,97450000;128,09840000
6,94050925;294,44260000;131,69350000
6,98146925;294,44260000;129,89900000
7,02242925;298,97450000;128,09840000
7,06338925;294,44260000;124,50330000
7,10434925;289,92580000;128,09840000
7,14530925;285,39380000;131,69350000
7,18626925;285,39380000;124,50330000
7,22722925;285,39380000;128,09840000
7,26818925;280,86180000;124,50330000
7,30914925;276,34510000;128,09840000
7,35010925;276,34510000;128,09840000
7,39106925;276,34510000;124,50330000
7,43202925;276,34510000;124,50330000
7,47298925;267,28110000;124,50330000
7,51394925;262,76430000;126,30390000
7,55490925;267,28110000;126,30390000
7,59586925;262,76430000;124,50330000
7,63682925;262,76430000;122,70270000
7,67778925;253,70040000;124,50330000
7,71874925;244,65160000;124,50330000
7,75970925;244,65160000;124,50330000
7,80066925;249,18360000;117,31310000
7,84162925;244,65160000;120,90820000
7,88258925;235,60290000;122,70270000
7,92354924;231,07090000;120,90820000
7,96450924;226,53890000;120,90820000
8,00546924;226,53890000;117,31310000
8,04642924;226,53890000;119,10760000
8,08738924;217,49010000;120,90820000
8,12834924;212,95810000;117,31310000
8,16930924;208,44140000;117,31310000
8,21026924;208,44140000;113,71200000
8,25122924;208,44140000;113,71200000
8,29218924;199,37740000;115,51260000
8,33314924;190,32870000;117,31310000
8,37410924;190,32870000;115,51260000
8,41506924;185,79670000;115,51260000
8,45602924;181,27990000;115,51260000
8,49698924;181,27990000;110,11690000
8,53794924;190,32870000;101,12610000
8,57890924;163,16720000;113,71200000
8,61986924;158,65050000;111,91750000
8,66082924;154,11850000;110,11690000
8,70178924;154,11850000;110,11690000
8,74274924;154,11850000;104,72120000
8,78370924;145,06970000;102,92670000
8,82466924;136,00570000;106,52180000
8,86562924;126,95700000;108,31630000
8,90658924;131,48900000;106,52180000
8,94754924;126,95700000;101,12610000
8,98850924;117,90830000;99,32554000
9,02946924;117,90830000;101,12610000
9,07042924;104,32750000;102,92670000
9,11138924;104,32750000;101,12610000
9,15234924;104,32750000;97,53105000
9,19330924;99,79552000;93,93597000
9,23426924;90,74679000;95,73045000
9,27522924;81,68279000;95,73045000
9,31618924;81,68279000;93,93597000
9,35714924;81,68279000;93,93597000
9,39810924;77,16605000;93,93597000
9,43906924;72,63405000;88,54030000
9,48002924;59,05331000;90,33479000
9,52098924;63,58531000;90,33479000
9,56194923;54,52132000;88,54030000
9,60290923;54,52132000;81,34403000
9,64386923;40,94057000;83,14462000
9,68482923;36,42384000;88,54030000
9,72578923;31,89184000;84,94522000
9,76674923;31,89184000;81,34403000
9,80770923;27,37510000;77,74895000
9,84866923;18,32636000;74,15387000
9,88962923;9,27762600;79,54955000
9,93058923;9,27762600;79,54955000
9,97154923;9,27762600;75,94836000
10,01250923;9,27762600;70,55879000
10,05346923;0,22888880;66,95761000
10,09442923;-17,88385000;72,35329000
10,13538923;-13,35185000;70,55879000
10,17634923;-8,83510900;66,95761000
10,21730923;-17,88385000;63,36253000
10,25826923;-26,93258000;63,36253000
10,29922923;-35,99658000;65,16312000
10,34018923;-26,93258000;63,36253000
10,38114923;-35,99658000;59,76745000
10,42210923;-35,99658000;56,17237000
10,46306923;-45,04532000;56,17237000
10,50402923;-54,09406000;57,96685000
10,54498923;-58,62605000;57,96685000
10,58594923;-63,15805000;57,96685000
10,62690923;-58,62605000;50,77670000
10,66786923;-63,15805000;45,38102000
10,70882923;-72,20679000;50,77670000
10,74978923;-81,25553000;50,77670000
10,79074923;-76,73878000;45,38102000
10,83170923;-76,73878000;41,78594000
10,87266923;-81,25553000;39,98535000
10,91362923;-94,83626000;45,38102000
10,95458923;-94,83626000;39,98535000
10,99554923;-94,83626000;38,19086000
11,03650923;-99,36826000;36,39027000
11,07746923;-99,36826000;30,99460000
11,11842923;-103,90030000;34,58968000
11,15938923;-112,94900000;32,79519000
11,20034922;-112,94900000;29,20011000
11,24130922;-117,48100000;29,20011000
11,28226922;-117,48100000;29,20011000
11,32322922;-121,99770000;22,00385000
11,36418922;-131,04650000;23,80444000
11,40514922;-135,57850000;23,80444000
11,44610922;-135,57850000;18,40877000
11,48706922;-135,57850000;16,60817000
11,52802922;-135,57850000;13,01309000
11,56898922;-144,62720000;14,81368000
11,60994922;-153,69120000;16,60817000
11,65090922;-153,69120000;14,81368000
11,69186922;-149,15920000;9,41801200
11,73282922;-153,69120000;5,82293100
11,77378922;-158,20790000;5,82293100
11,81474922;-171,78870000;7,61742000
11,85570922;-171,78870000;7,61742000
11,89666922;-162,73990000;2,22785100
11,93762922;-162,73990000;-1,36722900
11,97858922;-171,78870000;0,43336280
12,01954922;-180,85270000;-1,36722900
12,06050922;-180,85270000;0,43336280
12,10146922;-171,78870000;-8,55739000
12,14242922;-171,78870000;-12,15247000
12,18338922;-185,36940000;-8,55739000
12,22434922;-189,90140000;-6,76290100
12,26530922;-194,43340000;-12,15247000
12,30626922;-189,90140000;-13,95306000
12,34722922;-185,36940000;-19,34873000
12,38818922;-198,95010000;-21,14322000
12,42914922;-203,48210000;-13,95306000
12,47010922;-203,48210000;-17,54814000
12,51106922;-198,95010000;-24,74441000
12,55202922;-203,48210000;-26,53890000
12,59298922;-208,01410000;-26,53890000
12,63394922;-217,06290000;-24,74441000
12,67490922;-212,53090000;-26,53890000
12,71586922;-208,01410000;-30,13398000
12,75682922;-208,01410000;-35,52965000
12,79778922;-217,06290000;-35,52965000
12,83874922;-221,59490000;-33,73516000
12,87970921;-226,11160000;-33,73516000
12,92066921;-221,59490000;-39,13083000
12,96162921;-221,59490000;-44,52040000
13,00258921;-226,11160000;-44,52040000
13,04354921;-226,11160000;-48,12158000
13,08450921;-226,11160000;-44,52040000
13,12546921;-239,69240000;-46,32100000
13,16642921;-230,64360000;-48,12158000
13,20738921;-235,17560000;-55,31175000
13,24834921;-239,69240000;-49,91607000
13,28930921;-244,22430000;-51,71666000
13,33026921;-244,22430000;-55,31175000
13,37122921;-253,27310000;-58,90683000
13,41218921;-244,22430000;-57,11234000
13,45314921;-244,22430000;-58,90683000
13,49410921;-244,22430000;-60,70742000
13,53506921;-253,27310000;-60,70742000
13,57602921;-253,27310000;-62,50190000
13,61698921;-248,75630000;-69,69817000
13,65794921;-248,75630000;-69,69817000
13,69890921;-257,80510000;-71,49266000
13,73986921;-262,33710000;-67,89758000
13,78082921;-262,33710000;-67,89758000
13,82178921;-253,27310000;-75,09385000
13,86274921;-253,27310000;-78,68892000
13,90370921;-262,33710000;-76,88834000
13,94466921;-262,33710000;-76,88834000
13,98562921;-262,33710000;-76,88834000
14,02658921;-262,33710000;-80,48952000
14,06754921;-262,33710000;-84,08459000
14,10850921;-271,38580000;-84,08459000
14,14946921;-275,90260000;-76,88834000
14,19042921;-271,38580000;-80,48952000
14,23138921;-266,85380000;-85,87908000
14,27234921;-266,85380000;-91,27476000
14,31330921;-275,90260000;-91,27476000
14,35426921;-280,43460000;-87,67968000
14,39522921;-275,90260000;-89,48027000
14,43618921;-275,90260000;-91,27476000
14,47714921;-275,90260000;-93,07535000
14,51810920;-280,43460000;-94,86984000
14,55906920;-280,43460000;-93,07535000
14,60002920;-280,43460000;-93,07535000
14,64098920;-280,43460000;-100,26550000
14,68194920;-280,43460000;-102,06610000
14,72290920;-284,96660000;-98,47102000
14,76386920;-289,48330000;-102,06610000
14,80482920;-284,96660000;-100,26550000
14,84578920;-284,96660000;-105,66120000
14,88674920;-289,48330000;-105,66120000
14,92770920;-289,48330000;-103,86060000
14,96866920;-294,01530000;-105,66120000
15,00962920;-294,01530000;-105,66120000
15,05058920;-294,01530000;-109,25630000
15,09154920;-294,01530000;-109,25630000
15,13250920;-298,54730000;-105,66120000
15,17346920;-298,54730000;-111,05690000
15,21442920;-294,01530000;-112,85740000
15,25538920;-294,01530000;-112,85740000
15,29634920;-298,54730000;-112,85740000
15,33730920;-298,54730000;-112,85740000
15,37826920;-298,54730000;-114,65190000
15,41922920;-298,54730000;-114,65190000
15,46018920;-298,54730000;-116,45250000
15,50114920;-298,54730000;-118,24700000
15,54210920;-298,54730000;-118,24700000
15,58306920;-298,54730000;-118,24700000
15,62402920;-303,06400000;-118,24700000
15,66498920;-303,06400000;-118,24700000
15,70594920;-298,54730000;-121,84820000
15,74690920;-303,06400000;-123,64270000
15,78786920;-307,59600000;-123,64270000
15,82882920;-307,59600000;-121,84820000
15,86978920;-307,59600000;-120,04760000
15,91074920;-303,06400000;-125,44330000
15,95170920;-307,59600000;-125,44330000
15,99266920;-307,59600000;-123,64270000
16,03362920;-307,59600000;-127,23780000
16,07458920;-307,59600000;-123,64270000
16,11554920;-307,59600000;-127,23780000
16,15650919;-307,59600000;-127,23780000
16,19746919;-312,12810000;-127,23780000
16,23842919;-312,12810000;-125,44330000
16,27938919;-312,12810000;-123,64270000
16,32034919;-307,59600000;-129,03840000
16,36130919;-307,59600000;-129,03840000
16,40226919;-307,59600000;-127,23780000
16,44322919;-307,59600000;-129,03840000
16,48418919;-312,12810000;-125,44330000
16,52514919;-307,59600000;-125,44330000
16,56610919;-298,54730000;-132,63340000
16,60706919;-298,54730000;-134,43400000
16,64802919;-307,59600000;-130,83900000
16,68898919;-312,12810000;-123,64270000
16,72994919;-303,06400000;-127,23780000
16,77090919;-298,54730000;-132,63340000
16,81186919;-298,54730000;-130,83900000
16,85282919;-303,06400000;-129,03840000
16,89378919;-303,06400000;-123,64270000
16,93474919;-298,54730000;-127,23780000
16,97570919;-294,01530000;-130,83900000
17,01666919;-289,48330000;-134,43400000
17,05762919;-298,54730000;-129,03840000
17,09858919;-298,54730000;-125,44330000
17,13954919;-294,01530000;-125,44330000
17,18050919;-289,48330000;-123,64270000
17,22146919;-280,43460000;-134,43400000
17,26242919;-284,96660000;-127,23780000
17,30338919;-289,48330000;-123,64270000
17,34434919;-280,43460000;-123,64270000
17,38530919;-271,38580000;-129,03840000
17,42626919;-271,38580000;-129,03840000
17,46722919;-271,38580000;-127,23780000
17,50818919;-280,43460000;-127,23780000
17,54914919;-271,38580000;-125,44330000
17,59010919;-262,33710000;-127,23780000
17,63106919;-257,80510000;-127,23780000
17,67202919;-253,27310000;-127,23780000
17,71298919;-257,80510000;-123,64270000
17,75394919;-253,27310000;-120,04760000
17,79490918;-244,22430000;-123,64270000
17,83586918;-239,69240000;-129,03840000
17,87682918;-239,69240000;-123,64270000
17,91778918;-244,22430000;-120,04760000
17,95874918;-235,17560000;-120,04760000
17,99970918;-226,11160000;-120,04760000
18,04066918;-226,11160000;-120,04760000
18,08162918;-217,06290000;-120,04760000
18,12258918;-217,06290000;-120,04760000
18,16354918;-212,53090000;-120,04760000
18,20450918;-208,01410000;-118,24700000
18,24546918;-208,01410000;-114,65190000
18,28642918;-198,95010000;-118,24700000
18,32738918;-194,43340000;-120,04760000
18,36834918;-198,95010000;-112,85740000
18,40930918;-194,43340000;-112,85740000
18,45026918;-180,85270000;-116,45250000
18,49122918;-171,78870000;-114,65190000
18,53218918;-171,78870000;-114,65190000
18,57314918;-176,32070000;-112,85740000
18,61410918;-167,27190000;-105,66120000
18,65506918;-158,20790000;-112,85740000
18,69602918;-153,69120000;-112,85740000
18,73698918;-149,15920000;-112,85740000
18,77794918;-153,69120000;-107,46180000
18,81890918;-153,69120000;-103,86060000
18,85986918;-135,57850000;-105,66120000
18,90082918;-126,52970000;-107,46180000
18,94178918;-121,99770000;-109,25630000
18,98274918;-126,52970000;-105,66120000
19,02370918;-126,52970000;-98,47102000
19,06466918;-112,94900000;-100,26550000
19,10562918;-99,36826000;-102,06610000
19,14658918;-99,36826000;-100,26550000
19,18754918;-99,36826000;-98,47102000
19,22850918;-108,41700000;-91,27476000
19,26946918;-90,31953000;-96,67043000
19,31042918;-81,25553000;-98,47102000
19,35138918;-76,73878000;-94,86984000
19,39234918;-81,25553000;-94,86984000
19,43330917;-81,25553000;-89,48027000
19,47426917;-67,67479000;-85,87908000
19,51522917;-58,62605000;-91,27476000
19,55618917;-54,09406000;-94,86984000
19,59714917;-58,62605000;-87,67968000
19,63810917;-54,09406000;-82,28400000
19,67906917;-45,04532000;-82,28400000
19,72002917;-35,99658000;-84,08459000
19,76098917;-31,46458000;-84,08459000
19,80194917;-31,46458000;-82,28400000
19,84290917;-26,93258000;-78,68892000
19,88386917;-22,41584000;-76,88834000
19,92482917;-17,88385000;-78,68892000
19,96578917;-8,83510900;-76,88834000
20,00674917;-8,83510900;-73,29325000
20,04770917;0,22888880;-75,09385000
20,08866917;0,22888880;-69,69817000
20,12962917;9,27762600;-67,89758000
20,17058917;13,80962000;-69,69817000
20,21154917;18,32636000;-67,89758000
20,25250917;13,80962000;-66,10309000
20,29346917;18,32636000;-62,50190000
20,33442917;27,37510000;-64,30250000
20,37538917;36,42384000;-60,70742000
20,41634917;40,94057000;-64,30250000
20,45730917;40,94057000;-60,70742000
20,49826917;40,94057000;-55,31175000
20,53922917;45,47258000;-53,51115000
20,58018917;54,52132000;-55,31175000
20,62114917;63,58531000;-53,51115000
20,66210917;63,58531000;-55,31175000
20,70306917;63,58531000;-49,91607000
20,74402917;63,58531000;-42,72591000
20,78498917;77,16605000;-49,91607000
20,82594917;86,21478000;-49,91607000
20,86690917;81,68279000;-48,12158000
20,90786917;81,68279000;-40,92532000
20,94882917;86,21478000;-37,33024000
20,98978917;99,79552000;-42,72591000
21,03074917;99,79552000;-42,72591000
21,07170916;99,79552000;-35,52965000
21,11266916;99,79552000;-33,73516000
21,15362916;99,79552000;-28,33949000
21,19458916;108,84430000;-31,93457000
21,23554916;117,90830000;-33,73516000
21,27650916;117,90830000;-28,33949000
21,31746916;117,90830000;-21,14322000
21,35842916;117,90830000;-19,34873000
21,39938916;136,00570000;-19,34873000
21,44034916;136,00570000;-22,94382000
21,48130916;136,00570000;-21,14322000
21,52226916;136,00570000;-19,34873000
21,56322916;140,53770000;-15,75365000
21,60418916;145,06970000;-15,75365000
21,64514916;136,00570000;-19,34873000
21,68610916;149,58650000;-13,95306000
21,72706916;154,11850000;-10,35798000
21,76802916;154,11850000;-8,55739000
21,80898916;158,65050000;-10,35798000
21,84994916;163,16720000;-4,96230900
21,89090916;163,16720000;-4,96230900
21,93186916;163,16720000;-3,16171700
21,97282916;167,69920000;-1,36722900
22,01378916;172,23120000;2,22785100
22,05474916;172,23120000;2,22785100
22,09570916;172,23120000;4,02233900
22,13666916;176,74790000;7,61742000
22,17762916;176,74790000;9,41801200
22,21858916;185,79670000;9,41801200
22,25954916;190,32870000;9,41801200
22,30050916;190,32870000;11,21860000
22,34146916;190,32870000;14,81368000
22,38242916;194,86070000;18,40877000
22,42338916;194,86070000;22,00385000
22,46434916;203,90940000;16,60817000
22,50530916;199,37740000;20,20936000
22,54626916;199,37740000;23,80444000
22,58722916;208,44140000;23,80444000
22,62818916;208,44140000;27,39952000
22,66914916;208,44140000;29,20011000
22,71010916;217,49010000;27,39952000
22,75106915;222,02210000;30,99460000
22,79202915;217,49010000;30,99460000
22,83298915;217,49010000;36,39027000
22,87394915;217,49010000;38,19086000
22,91490915;226,53890000;34,58968000
22,95586915;226,53890000;38,19086000
22,99682915;226,53890000;43,58654000
23,03778915;226,53890000;41,78594000
23,07874915;231,07090000;43,58654000
23,11970915;235,60290000;41,78594000
23,16066915;231,07090000;45,38102000
23,20162915;235,60290000;50,77670000
23,24258915;235,60290000;52,57729000
23,28354915;244,65160000;50,77670000
23,32450915;244,65160000;54,37177000
23,36546915;244,65160000;52,57729000
23,40642915;244,65160000;52,57729000
23,44738915;240,11960000;59,76745000
23,48834915;244,65160000;65,16312000
23,52930915;253,70040000;59,76745000
23,57026915;253,70040000;59,76745000
23,61122915;253,70040000;59,76745000
23,65218915;249,18360000;66,95761000
23,69314915;253,70040000;70,55879000
23,73410915;262,76430000;66,95761000
23,77506915;262,76430000;66,95761000
23,81602915;253,70040000;68,75820000
23,85698915;253,70040000;77,74895000
23,89794915;258,23230000;75,94836000
23,93890915;271,81310000;72,35329000
23,97986915;267,28110000;74,15387000
24,02082915;262,76430000;75,94836000
24,06178915;262,76430000;79,54955000
24,10274915;262,76430000;83,14462000
24,14370915;267,28110000;83,14462000
24,18466915;280,86180000;77,74895000
24,22562915;271,81310000;81,34403000
24,26658915;262,76430000;88,54030000
24,30754915;262,76430000;92,13538000
24,34850915;276,34510000;86,73971000
24,38946914;280,86180000;88,54030000
24,43042914;280,86180000;88,54030000
24,47138914;271,81310000;92,13538000
24,51234914;276,34510000;97,53105000
24,55330914;280,86180000;92,13538000
24,59426914;285,39380000;93,93597000
24,63522914;285,39380000;97,53105000
24,67618914;280,86180000;97,53105000
24,71714914;280,86180000;99,32554000
24,75810914;280,86180000;101,12610000
24,79906914;289,92580000;101,12610000
24,84002914;289,92580000;99,32554000
24,88098914;280,86180000;102,92670000
24,92194914;285,39380000;104,72120000
24,96290914;289,92580000;102,92670000
25,00386914;294,44260000;102,92670000
25,04482914;294,44260000;106,52180000
25,08578914;294,44260000;108,31630000
25,12674914;289,92580000;110,11690000
25,16770914;289,92580000;110,11690000
25,20866914;294,44260000;110,11690000
25,24962914;298,97450000;110,11690000
25,29058914;298,97450000;110,11690000
25,33154914;303,50660000;102,92670000
25,37250914;294,44260000;115,51260000
25,41346914;298,97450000;115,51260000
25,45442914;298,97450000;117,31310000
25,49538914;303,50660000;113,71200000
25,53634914;298,97450000;113,71200000
25,57730914;298,97450000;117,31310000
25,61826914;298,97450000;124,50330000
25,65922914;303,50660000;117,31310000
25,70018914;308,02330000;113,71200000
25,74114914;303,50660000;117,31310000
25,78210914;298,97450000;124,50330000
25,82306914;298,97450000;124,50330000
25,86402914;308,02330000;119,10760000
25,90498914;317,08730000;115,51260000
25,94594914;308,02330000;120,90820000
25,98690914;298,97450000;128,09840000
26,02786913;303,50660000;126,30390000
26,06882913;308,02330000;124,50330000
26,10978913;308,02330000;120,90820000
26,15074913;308,02330000;124,50330000
26,19170913;303,50660000;128,09840000
26,23266913;303,50660000;124,50330000
26,27362913;303,50660000;128,09840000
26,31458913;312,55530000;122,70270000
26,35554913;308,02330000;122,70270000
26,39650913;298,97450000;129,89900000
26,43746913;303,50660000;128,09840000
26,47842913;298,97450000;131,69350000
26,51938913;308,02330000;124,50330000
26,56034913;303,50660000;128,09840000
26,60130913;298,97450000;129,89900000
26,64226913;298,97450000;128,09840000
26,68322913;303,50660000;131,69350000
26,72418913;308,02330000;117,31310000
26,76514913;298,97450000;124,50330000
26,80610913;298,97450000;131,69350000
26,84706913;298,97450000;131,69350000
26,88802913;298,97450000;126,30390000
26,92898913;298,97450000;129,89900000
26,96994913;298,97450000;128,09840000
27,01090913;298,97450000;124,50330000
27,05186913;289,92580000;129,89900000
27,09282913;289,92580000;128,09840000
27,13378913;289,92580000;128,09840000
27,17474913;289,92580000;124,50330000
27,21570913;289,92580000;126,30390000
27,25666913;280,86180000;128,09840000
27,29762913;280,86180000;126,30390000
27,33858913;276,34510000;129,89900000
27,37954913;280,86180000;124,50330000
27,42050913;276,34510000;124,50330000
27,46146913;267,28110000;128,09840000
27,50242913;267,28110000;126,30390000
27,54338913;262,76430000;128,09840000
27,58434913;267,28110000;117,31310000
27,62530913;262,76430000;120,90820000
27,66626912;253,70040000;122,70270000
27,70722912;249,18360000;126,30390000
27,74818912;244,65160000;126,30390000
27,78914912;244,65160000;122,70270000
27,83010912;249,18360000;117,31310000
27,87106912;235,60290000;122,70270000
27,91202912;235,60290000;122,70270000
27,95298912;231,07090000;120,90820000
27,99394912;231,07090000;119,10760000
28,03490912;226,53890000;119,10760000
28,07586912;217,49010000;120,90820000
28,11682912;212,95810000;120,90820000
28,15778912;212,95810000;120,90820000
28,19874912;212,95810000;117,31310000
28,23970912;208,44140000;110,11690000
28,28066912;199,37740000;115,51260000
28,32162912;194,86070000;120,90820000
28,36258912;194,86070000;117,31310000
28,40354912;190,32870000;113,71200000
28,44450912;185,79670000;108,31630000
28,48546912;181,27990000;113,71200000
28,52642912;172,23120000;113,71200000
28,56738912;172,23120000;110,11690000
28,60834912;163,16720000;113,71200000
28,64930912;163,16720000;110,11690000
28,69026912;158,65050000;106,52180000
28,73122912;149,58650000;108,31630000
28,77218912;145,06970000;108,31630000
28,81314912;145,06970000;106,52180000
28,85410912;136,00570000;104,72120000
28,89506912;136,00570000;102,92670000
28,93602912;122,42500000;104,72120000
28,97698912;122,42500000;102,92670000
29,01794912;117,90830000;101,12610000
29,05890912;117,90830000;97,53105000
29,09986912;108,84430000;99,32554000
29,14082912;104,32750000;99,32554000
29,18178912;99,79552000;99,32554000
29,22274912;95,26352000;95,73045000
29,26370912;90,74679000;93,93597000
29,30466911;90,74679000;92,13538000
29,34562911;81,68279000;95,73045000
29,38658911;77,16605000;90,33479000
29,42754911;72,63405000;92,13538000
29,46850911;68,10205000;88,54030000
29,50946911;72,63405000;86,73971000
29,55042911;54,52132000;88,54030000
29,59138911;50,00458000;88,54030000
29,63234911;50,00458000;86,73971000
29,67330911;40,94057000;83,14462000
29,71426911;36,42384000;79,54955000
29,75522911;36,42384000;84,94522000
29,79618911;27,37510000;84,94522000
29,83714911;22,85836000;79,54955000
29,87810911;18,32636000;75,94836000
29,91906911;13,80962000;75,94836000
29,96002911;9,27762600;74,15387000
30,00098911;4,74562800;74,15387000
30,04194911;-4,30311000;74,15387000
30,08290911;-4,30311000;66,95761000
30,12386911;-8,83510900;68,75820000
30,16482911;-17,88385000;70,55879000
30,20578911;-17,88385000;66,95761000
30,24674911;-22,41584000;61,56804000
30,28770911;-26,93258000;66,95761000
30,32866911;-26,93258000;61,56804000
30,36962911;-26,93258000;56,17237000
30,41058911;-40,51332000;59,76745000
30,45154911;-45,04532000;61,56804000
30,49250911;-45,04532000;56,17237000
30,53346911;-45,04532000;52,57729000
30,57442911;-54,09406000;52,57729000
30,61538911;-63,15805000;54,37177000
30,65634911;-63,15805000;52,57729000
30,69730911;-72,20679000;52,57729000
30,73826911;-72,20679000;47,18161000
30,77922911;-72,20679000;43,58654000
30,82018911;-76,73878000;43,58654000
30,86114911;-90,31953000;50,77670000
30,90210911;-94,83626000;45,38102000
30,94306910;-90,31953000;41,78594000
30,98402910;-90,31953000;36,39027000
31,02498910;-94,83626000;32,79519000
31,06594910;-108,41700000;38,19086000
31,10690910;-112,94900000;38,19086000
31,14786910;-103,90030000;32,79519000
31,18882910;-108,41700000;25,59892000
31,22978910;-112,94900000;25,59892000
31,27074910;-121,99770000;29,20011000
31,31170910;-126,52970000;30,99460000
31,35266910;-126,52970000;29,20011000
31,39362910;-126,52970000;22,00385000
31,43458910;-126,52970000;16,60817000
31,47554910;-140,11050000;23,80444000
31,51650910;-144,62720000;23,80444000
31,55746910;-140,11050000;16,60817000
31,59842910;-135,57850000;13,01309000
31,63938910;-144,62720000;9,41801200
31,68034910;-153,69120000;9,41801200
31,72130910;-162,73990000;25,59892000
31,76226910;-153,69120000;9,41801200
31,80322910;-153,69120000;7,61742000
31,84418910;-158,20790000;2,22785100
31,88514910;-162,73990000;2,22785100
31,92610910;-171,78870000;5,82293100
31,96706910;-171,78870000;2,22785100
32,00802910;-171,78870000;-4,96230900
32,04898910;-171,78870000;-4,96230900
32,08994910;-176,32070000;-4,96230900
32,13090910;-180,85270000;-6,76290100
32,17186910;-185,36940000;-4,96230900
32,21282910;-185,36940000;-12,15247000
32,25378910;-185,36940000;-12,15247000
32,29474910;-189,90140000;-13,95306000
32,33570910;-189,90140000;-17,54814000
32,37666910;-198,95010000;-17,54814000
32,41762910;-198,95010000;-17,54814000
32,45858910;-198,95010000;-17,54814000
32,49954910;-198,95010000;-22,94382000
32,54050910;-203,48210000;-24,74441000
32,58146910;-208,01410000;-21,14322000
32,62242909;-208,01410000;-26,53890000
32,66338909;-208,01410000;-28,33949000
32,70434909;-208,01410000;-33,73516000
32,74530909;-212,53090000;-33,73516000
32,78626909;-217,06290000;-33,73516000
32,82722909;-226,11160000;-30,13398000
32,86818909;-217,06290000;-33,73516000
32,90914909;-217,06290000;-39,13083000
32,95010909;-226,11160000;-40,92532000
32,99106909;-230,64360000;-40,92532000
33,03202909;-226,11160000;-40,92532000
33,07298909;-226,11160000;-46,32100000
33,11394909;-226,11160000;-48,12158000
33,15490909;-235,17560000;-48,12158000
33,19586909;-239,69240000;-49,91607000
33,23682909;-239,69240000;-48,12158000
33,27778909;-239,69240000;-53,51115000
33,31874909;-235,17560000;-55,31175000
33,35970909;-239,69240000;-57,11234000
33,40066909;-248,75630000;-53,51115000
33,44162909;-248,75630000;-55,31175000
33,48258909;-244,22430000;-62,50190000
33,52354909;-244,22430000;-62,50190000
33,56450909;-244,22430000;-66,10309000
33,60546909;-248,75630000;-66,10309000
33,64642909;-248,75630000;-66,10309000
33,68738909;-253,27310000;-62,50190000
33,72834909;-253,27310000;-69,69817000
33,76930909;-253,27310000;-71,49266000
33,81026909;-257,80510000;-75,09385000
33,85122909;-262,33710000;-75,09385000
33,89218909;-257,80510000;-76,88834000
33,93314909;-262,33710000;-76,88834000
33,97410909;-262,33710000;-76,88834000
34,01506909;-262,33710000;-80,48952000
34,05602909;-271,38580000;-78,68892000
34,09698909;-266,85380000;-78,68892000
34,13794909;-266,85380000;-84,08459000
34,17890909;-271,38580000;-84,08459000
34,21986909;-271,38580000;-85,87908000
34,26082908;-271,38580000;-87,67968000
34,30178908;-271,38580000;-84,08459000
34,34274908;-275,90260000;-85,87908000
34,38370908;-271,38580000;-91,27476000
34,42466908;-280,43460000;-93,07535000
34,46562908;-275,90260000;-93,07535000
34,50658908;-275,90260000;-94,86984000
34,54754908;-280,43460000;-91,27476000
34,58850908;-280,43460000;-94,86984000
34,62946908;-280,43460000;-98,47102000
34,67042908;-280,43460000;-96,67043000
34,71138908;-284,96660000;-98,47102000
34,75234908;-280,43460000;-100,26550000
34,79330908;-289,48330000;-100,26550000
34,83426908;-280,43460000;-103,86060000
34,87522908;-284,96660000;-102,06610000
34,91618908;-289,48330000;-102,06610000
34,95714908;-294,01530000;-105,66120000
34,99810908;-289,48330000;-107,46180000
35,03906908;-289,48330000;-105,66120000
35,08002908;-294,01530000;-109,25630000
35,12098908;-294,01530000;-107,46180000
35,16194908;-298,54730000;-109,25630000
35,20290908;-298,54730000;-112,85740000
35,24386908;-298,54730000;-112,85740000
35,28482908;-298,54730000;-112,85740000
35,32578908;-298,54730000;-112,85740000
35,36674908;-298,54730000;-116,45250000
35,40770908;-298,54730000;-112,85740000
35,44866908;-298,54730000;-112,85740000
35,48962908;-307,59600000;-116,45250000
35,53058908;-303,06400000;-116,45250000
35,57154908;-298,54730000;-118,24700000
35,61250908;-298,54730000;-120,04760000
35,65346908;-303,06400000;-121,84820000
35,69442908;-298,54730000;-120,04760000
35,73538908;-307,59600000;-120,04760000
35,77634908;-303,06400000;-121,84820000
35,81730908;-303,06400000;-120,04760000
35,85826908;-316,64480000;-129,03840000
35,89922907;-307,59600000;-120,04760000
35,94018907;-307,59600000;-121,84820000
35,98114907;-307,59600000;-125,44330000
36,02210907;-307,59600000;-123,64270000
36,06306907;-307,59600000;-127,23780000
36,10402907;-307,59600000;-125,44330000
36,14498907;-307,59600000;-121,84820000
36,18594907;-307,59600000;-127,23780000
36,22690907;-307,59600000;-129,03840000
36,26786907;-307,59600000;-127,23780000
36,30882907;-307,59600000;-127,23780000
36,34978907;-307,59600000;-127,23780000
36,39074907;-307,59600000;-129,03840000
36,43170907;-307,59600000;-130,83900000
36,47266907;-307,59600000;-127,23780000
36,51362907;-307,59600000;-129,03840000
36,55458907;-307,59600000;-130,83900000
36,59554907;-307,59600000;-127,23780000
36,63650907;-307,59600000;-127,23780000
36,67746907;-303,06400000;-129,03840000
36,71842907;-298,54730000;-132,63340000
36,75938907;-303,06400000;-130,83900000
36,80034907;-303,06400000;-127,23780000
36,84130907;-298,54730000;-129,03840000
36,88226907;-298,54730000;-130,83900000
36,92322907;-298,54730000;-127,23780000
36,96418907;-298,54730000;-129,03840000
37,00514907;-298,54730000;-130,83900000
37,04610907;-294,01530000;-129,03840000
37,08706907;-289,48330000;-132,63340000
37,12802907;-289,48330000;-129,03840000
37,16898907;-294,01530000;-127,23780000
37,20994907;-284,96660000;-130,83900000
37,25090907;-284,96660000;-129,03840000
37,29186907;-280,43460000;-127,23780000
37,33282907;-280,43460000;-130,83900000
37,37378907;-280,43460000;-127,23780000
37,41474907;-275,90260000;-127,23780000
37,45570907;-271,38580000;-127,23780000
37,49666907;-271,38580000;-127,23780000
37,53762906;-266,85380000;-127,23780000
37,57858906;-262,33710000;-127,23780000
37,61954906;-262,33710000;-127,23780000
37,66050906;-262,33710000;-125,44330000
37,70146906;-253,27310000;-123,64270000
37,74242906;-253,27310000;-123,64270000
37,78338906;-244,22430000;-127,23780000
37,82434906;-244,22430000;-121,84820000
37,86530906;-244,22430000;-121,84820000
37,90626906;-239,69240000;-125,44330000
37,94722906;-235,17560000;-121,84820000
37,98818906;-230,64360000;-121,84820000
38,02914906;-226,11160000;-127,23780000
38,07010906;-226,11160000;-116,45250000
38,11106906;-221,59490000;-120,04760000
38,15202906;-212,53090000;-121,84820000
38,19298906;-208,01410000;-120,04760000
38,23394906;-208,01410000;-118,24700000
38,27490906;-208,01410000;-114,65190000
38,31586906;-203,48210000;-114,65190000
38,35682906;-194,43340000;-118,24700000
38,39778906;-189,90140000;-118,24700000
38,43874906;-185,36940000;-112,85740000
38,47970906;-185,36940000;-114,65190000
38,52066906;-180,85270000;-112,85740000
38,56162906;-176,32070000;-107,46180000
38,60258906;-167,27190000;-112,85740000
38,64354906;-162,73990000;-112,85740000
38,68450906;-162,73990000;-111,05690000
38,72546906;-158,20790000;-107,46180000
38,76642906;-153,69120000;-107,46180000
38,80738906;-144,62720000;-109,25630000
38,84834906;-144,62720000;-105,66120000
38,88930906;-144,62720000;-109,25630000
38,93026906;-135,57850000;-105,66120000
38,97122906;-126,52970000;-103,86060000
39,01218906;-117,48100000;-98,47102000
39,05314906;-117,48100000;-105,66120000
39,09410906;-112,94900000;-103,86060000
39,13506906;-108,41700000;-100,26550000
39,17602905;-103,90030000;-98,47102000
39,21698905;-99,36826000;-98,47102000
39,25794905;-94,83626000;-96,67043000
39,29890905;-90,31953000;-93,07535000
39,33986905;-85,78752000;-94,86984000
39,38082905;-81,25553000;-94,86984000
39,42178905;-72,20679000;-91,27476000
39,46274905;-72,20679000;-89,48027000
39,50370905;-63,15805000;-93,07535000
39,54466905;-63,15805000;-91,27476000
39,58562905;-58,62605000;-87,67968000
39,62658905;-49,57732000;-87,67968000
39,66754905;-45,04532000;-84,08459000
39,70850905;-40,51332000;-84,08459000
39,74946905;-35,99658000;-84,08459000
39,79042905;-35,99658000;-82,28400000
39,83138905;-26,93258000;-82,28400000
39,87234905;-22,41584000;-80,48952000
39,91330905;-22,41584000;-76,88834000
39,95426905;-13,35185000;-76,88834000
39,99522905;-22,41584000;-69,69817000
40,03618905;-4,30311000;-71,49266000
40,07714905;4,74562800;-73,29325000
40,11810905;9,27762600;-69,69817000
40,15906905;9,27762600;-67,89758000
40,20002905;13,80962000;-69,69817000
40,24098905;18,32636000;-67,89758000
40,28194905;27,37510000;-67,89758000
40,32290905;31,89184000;-66,10309000
40,36386905;27,37510000;-60,70742000
40,40482905;36,42384000;-62,50190000
40,44578905;40,94057000;-62,50190000
40,48674905;40,94057000;-57,11234000
40,52770905;50,00458000;-57,11234000
40,56866905;50,00458000;-55,31175000
40,60962905;59,05331000;-53,51115000
40,65058905;63,58531000;-53,51115000
40,69154905;63,58531000;-53,51115000
40,73250905;72,63405000;-49,91607000
40,77346905;72,63405000;-48,12158000
40,81442904;72,63405000;-46,32100000
40,85538904;81,68279000;-42,72591000
40,89634904;81,68279000;-42,72591000
40,93730904;86,21478000;-42,72591000
40,97826904;90,74679000;-40,92532000
41,01922904;95,26352000;-40,92532000
41,06018904;99,79552000;-35,52965000
41,10114904;99,79552000;-37,33024000
41,14210904;108,84430000;-35,52965000
41,18306904;108,84430000;-33,73516000
41,22402904;108,84430000;-30,13398000
41,26498904;117,90830000;-28,33949000
41,30594904;117,90830000;-28,33949000
41,34690904;122,42500000;-26,53890000
41,38786904;126,95700000;-22,94382000
41,42882904;126,95700000;-22,94382000
41,46978904;136,00570000;-22,94382000
41,51074904;136,00570000;-19,34873000
41,55170904;136,00570000;-19,34873000
41,59266904;145,06970000;-13,95306000
41,63362904;145,06970000;-15,75365000
41,67458904;145,06970000;-12,15247000
41,71554904;154,11850000;-15,75365000
41,75650904;154,11850000;-8,55739000
41,79746904;154,11850000;-6,76290100
41,83842904;163,16720000;-4,96230900
41,87938904;163,16720000;-4,96230900
41,92034904;158,65050000;0,43336280
41,96130904;163,16720000;-1,36722900
42,00226904;172,23120000;-1,36722900
42,04322904;172,23120000;4,02233900
42,08418904;172,23120000;4,02233900
42,12514904;181,27990000;2,22785100
42,16610904;181,27990000;5,82293100
42,20706904;181,27990000;9,41801200
42,24802904;181,27990000;11,21860000
42,28898904;190,32870000;11,21860000
42,32994904;194,86070000;9,41801200
42,37090904;194,86070000;14,81368000
42,41186904;194,86070000;16,60817000
42,45282904;199,37740000;20,20936000
42,49378903;199,37740000;20,20936000
42,53474903;208,44140000;22,00385000
42,57570903;208,44140000;20,20936000
42,61666903;208,44140000;23,80444000
42,65762903;208,44140000;29,20011000
42,69858903;212,95810000;29,20011000
42,73954903;217,49010000;29,20011000
42,78050903;217,49010000;29,20011000
42,82146903;217,49010000;32,79519000
42,86242903;226,53890000;29,20011000
42,90338903;226,53890000;34,58968000
42,94434903;222,02210000;39,98535000
42,98530903;226,53890000;39,98535000
43,02626903;226,53890000;39,98535000
43,06722903;231,07090000;41,78594000
43,10818903;231,07090000;43,58654000
43,14914903;235,60290000;47,18161000
43,19010903;235,60290000;50,77670000
43,23106903;235,60290000;52,57729000
43,27202903;240,11960000;50,77670000
43,31298903;244,65160000;52,57729000
43,35394903;244,65160000;52,57729000
43,39490903;244,65160000;56,17237000
43,43586903;244,65160000;54,37177000
43,47682903;249,18360000;59,76745000
43,51778903;249,18360000;59,76745000
43,55874903;249,18360000;59,76745000
43,59970903;249,18360000;63,36253000
43,64066903;253,70040000;65,16312000
43,68162903;253,70040000;65,16312000
43,72258903;253,70040000;66,95761000
43,76354903;258,23230000;68,75820000
43,80450903;253,70040000;68,75820000
43,84546903;262,76430000;72,35329000
43,88642903;258,23230000;74,15387000
43,92738903;262,76430000;74,15387000
43,96834903;262,76430000;66,95761000
44,00930903;262,76430000;77,74895000
44,05026903;262,76430000;81,34403000
44,09122903;262,76430000;77,74895000
44,13218902;267,28110000;81,34403000
44,17314902;267,28110000;86,73971000
44,21410902;267,28110000;81,34403000
44,25506902;271,81310000;86,73971000
44,29602902;271,81310000;84,94522000
44,33698902;271,81310000;88,54030000
44,37794902;271,81310000;88,54030000
44,41890902;276,34510000;88,54030000
44,45986902;280,86180000;88,54030000
44,50082902;280,86180000;92,13538000
44,54178902;280,86180000;93,93597000
44,58274902;280,86180000;93,93597000
44,62370902;280,86180000;93,93597000
44,66466902;280,86180000;97,53105000
44,70562902;280,86180000;95,73045000
44,74658902;280,86180000;95,73045000
44,78754902;285,39380000;101,12610000
44,82850902;276,34510000;101,12610000
44,86946902;289,92580000;101,12610000
44,91042902;289,92580000;99,32554000
44,95138902;289,92580000;102,92670000
44,99234902;289,92580000;104,72120000
45,03330902;289,92580000;110,11690000
45,07426902;294,44260000;108,31630000
45,11522902;294,44260000;106,52180000
45,15618902;294,44260000;108,31630000
45,19714902;294,44260000;110,11690000
45,23810902;298,97450000;110,11690000
45,27906902;298,97450000;111,91750000
45,32002902;294,44260000;113,71200000
45,36098902;298,97450000;111,91750000
45,40194902;298,97450000;111,91750000
45,44290902;298,97450000;113,71200000
45,48386902;298,97450000;115,51260000
45,52482902;298,97450000;115,51260000
45,56578902;298,97450000;117,31310000
45,60674902;303,50660000;117,31310000
45,64770902;298,97450000;117,31310000
45,68866902;303,50660000;120,90820000
45,72962902;303,50660000;117,31310000
45,77058901;298,97450000;122,70270000
45,81154901;303,50660000;122,70270000
45,85250901;303,50660000;122,70270000
45,89346901;303,50660000;117,31310000
45,93442901;308,02330000;122,70270000
45,97538901;303,50660000;122,70270000
46,01634901;308,02330000;122,70270000
46,05730901;308,02330000;124,50330000
46,09826901;303,50660000;124,50330000
46,13922901;303,50660000;124,50330000
46,18018901;308,02330000;124,50330000
46,22114901;308,02330000;126,30390000
46,26210901;303,50660000;126,30390000
46,30306901;303,50660000;124,50330000
46,34402901;303,50660000;126,30390000
46,38498901;303,50660000;128,09840000
46,42594901;308,02330000;124,50330000
46,46690901;303,50660000;126,30390000
46,50786901;303,50660000;129,89900000
46,54882901;303,50660000;128,09840000
46,58978901;303,50660000;126,30390000
46,63074901;303,50660000;128,09840000
46,67170901;308,02330000;124,50330000
46,71266901;298,97450000;131,69350000
46,75362901;298,97450000;122,70270000
46,79458901;298,97450000;128,09840000
46,83554901;298,97450000;129,89900000
46,87650901;298,97450000;128,09840000
46,91746901;298,97450000;128,09840000
46,95842901;298,97450000;124,50330000
46,99938901;303,50660000;129,89900000
47,04034901;294,44260000;128,09840000
47,08130901;298,97450000;128,09840000
47,12226901;289,92580000;128,09840000
47,16322901;289,92580000;128,09840000
47,20418901;289,92580000;128,09840000
47,24514901;285,39380000;124,50330000
47,28610901;280,86180000;128,09840000
47,32706901;280,86180000;128,09840000
47,36802901;280,86180000;128,09840000
47,40898900;276,34510000;124,50330000
47,44994900;271,81310000;124,50330000
47,49090900;267,28110000;126,30390000
47,53186900;271,81310000;124,50330000
47,57282900;262,76430000;124,50330000
47,61378900;262,76430000;124,50330000
47,65474900;258,23230000;126,30390000
47,69570900;253,70040000;124,50330000
47,73666900;253,70040000;120,90820000
47,77762900;249,18360000;124,50330000
47,81858900;244,65160000;122,70270000
47,85954900;244,65160000;120,90820000
47,90050900;240,11960000;119,10760000
47,94146900;235,60290000;120,90820000
47,98242900;231,07090000;124,50330000
48,02338900;226,53890000;124,50330000
48,06434900;226,53890000;117,31310000
48,10530900;226,53890000;117,31310000
48,14626900;217,49010000;119,10760000
48,18722900;212,95810000;117,31310000
48,22818900;208,44140000;119,10760000
48,26914900;199,37740000;117,31310000
48,31010900;199,37740000;117,31310000
48,35106900;194,86070000;117,31310000
48,39202900;190,32870000;113,71200000
48,43298900;185,79670000;117,31310000
48,47394900;181,27990000;110,11690000
48,51490900;176,74790000;111,91750000
48,55586900;172,23120000;110,11690000
48,59682900;172,23120000;110,11690000
48,63778900;163,16720000;111,91750000
48,67874900;158,65050000;110,11690000
48,71970900;154,11850000;108,31630000
48,76066900;149,58650000;108,31630000
48,80162900;145,06970000;108,31630000
48,84258900;140,53770000;106,52180000
48,88354900;131,48900000;104,72120000
48,92450900;131,48900000;102,92670000
48,96546900;126,95700000;95,73045000
49,00642900;122,42500000;102,92670000
49,04738899;117,90830000;101,12610000
49,08834899;108,84430000;104,72120000
49,12930899;104,32750000;99,32554000
49,17026899;104,32750000;97,53105000
49,21122899;99,79552000;97,53105000
49,25218899;95,26352000;93,93597000
49,29314899;86,21478000;93,93597000
49,33410899;81,68279000;93,93597000
49,37506899;81,68279000;93,93597000
49,41602899;72,63405000;92,13538000
49,45698899;63,58531000;95,73045000
49,49794899;63,58531000;90,33479000
49,53890899;63,58531000;86,73971000
49,57986899;59,05331000;84,94522000
49,62082899;45,47258000;86,73971000
49,66178899;45,47258000;86,73971000
49,70274899;40,94057000;83,14462000
49,74370899;36,42384000;83,14462000
49,78466899;31,89184000;83,14462000
49,82562899;27,37510000;81,34403000
49,86658899;22,85836000;75,94836000
49,90754899;13,80962000;75,94836000
49,94850899;13,80962000;74,15387000
49,98946899;4,74562800;72,35329000
50,03042899;0,22888880;75,94836000
